,class
0,-1
1,0
2,-1
3,-1
4,-1
5,-1
6,-1
7,0
8,0
9,0
10,-1
11,-1
12,-1
13,-1
14,0
15,0
16,-1
17,-1
18,-1
19,-1
20,-1
21,-1
22,-1
23,0
24,-1
25,0
26,-1
27,0
28,0
29,0
30,-1
31,-1
32,-1
33,-1
34,-1
35,-1
36,-1
37,-1
38,-1
39,-1
40,-1
41,-1
42,0
43,-1
44,-1
45,-1
46,-1
47,-1
48,-1
49,-1
50,0
51,0
52,0
53,-1
54,-1
55,-1
56,-1
57,0
58,-1
59,0
60,-1
61,0
62,-1
63,0
64,0
65,0
66,-1
67,-1
68,-1
69,-1
70,-1
71,-1
72,-1
73,-1
74,-1
75,-1
76,-1
77,0
78,0
79,-1
80,-1
81,0
82,-1
83,-1
84,0
85,-1
86,-1
87,-1
88,0
89,-1
90,-1
91,-1
92,-1
93,-1
94,0
95,-1
96,-1
97,0
98,0
99,-1
100,0
101,-1
102,-1
103,0
104,0
105,-1
106,0
107,0
108,0
109,-1
110,0
111,-1
112,-1
113,-1
114,-1
115,-1
116,-1
117,-1
118,-1
119,-1
120,-1
121,-1
122,-1
123,-1
124,-1
125,-1
126,-1
127,-1
128,0
129,0
130,0
131,0
132,0
133,-1
134,0
135,-1
136,-1
137,0
138,0
139,0
140,-1
141,0
142,-1
143,0
144,0
145,-1
146,0
147,0
148,0
149,-1
150,-1
151,-1
152,-1
153,-1
154,-1
155,-1
156,-1
157,-1
158,-1
159,-1
160,-1
161,0
162,-1
163,0
164,0
165,0
166,-1
167,-1
168,-1
169,0
170,-1
171,-1
172,-1
173,-1
174,0
175,0
176,-1
177,-1
178,0
179,0
180,-1
181,-1
182,0
183,0
184,-1
185,-1
186,-1
187,-1
188,-1
189,0
190,-1
191,-1
192,-1
193,-1
194,-1
195,-1
196,-1
197,0
198,0
199,-1
200,-1
201,-1
202,-1
203,-1
204,-1
205,0
206,-1
207,-1
208,-1
209,-1
210,-1
211,-1
212,0
213,0
214,-1
215,-1
216,-1
217,-1
218,-1
219,-1
220,-1
221,0
222,0
223,-1
224,-1
225,-1
226,-1
227,0
228,0
229,-1
230,-1
231,0
232,-1
233,-1
234,0
235,-1
236,0
237,0
238,0
239,0
240,0
241,-1
242,-1
243,0
244,-1
245,-1
246,-1
247,-1
248,-1
249,-1
250,0
251,0
252,-1
253,-1
254,-1
255,-1
256,-1
257,-1
258,-1
259,-1
260,-1
261,-1
262,-1
263,0
264,-1
265,-1
266,-1
267,-1
268,-1
269,0
270,-1
271,-1
272,-1
273,-1
274,-1
275,-1
276,0
277,0
278,-1
279,-1
280,-1
281,0
282,-1
283,-1
284,0
285,0
286,-1
287,-1
288,-1
289,-1
290,-1
291,-1
292,-1
293,0
294,0
295,-1
296,0
297,-1
298,-1
299,-1
300,-1
301,-1
302,-1
303,-1
304,-1
305,-1
306,-1
307,-1
308,0
309,-1
310,-1
311,-1
312,-1
313,-1
314,-1
315,-1
316,0
317,0
318,-1
319,-1
320,0
321,0
322,-1
323,0
324,0
325,-1
326,-1
327,0
328,0
329,-1
330,-1
331,-1
332,-1
333,-1
334,-1
335,-1
336,-1
337,-1
338,-1
339,-1
340,-1
341,-1
342,-1
343,-1
344,-1
345,0
346,-1
347,-1
348,0
349,0
350,0
351,-1
352,-1
353,-1
354,-1
355,-1
356,-1
357,-1
358,-1
359,-1
360,-1
361,-1
362,-1
363,-1
364,-1
365,0
366,0
367,-1
368,0
369,-1
370,0
371,-1
372,-1
373,0
374,-1
375,-1
376,-1
377,-1
378,0
379,-1
380,-1
381,0
382,-1
383,-1
384,-1
385,-1
386,0
387,0
388,-1
389,-1
390,-1
391,-1
392,-1
393,-1
394,-1
395,0
396,0
397,0
398,-1
399,0
400,0
401,-1
402,-1
403,-1
404,-1
405,-1
406,-1
407,-1
408,-1
409,-1
410,0
411,-1
412,-1
413,0
414,0
415,-1
416,0
417,-1
418,-1
419,-1
420,-1
421,-1
422,0
423,0
424,0
425,0
426,-1
427,0
428,0
429,0
430,-1
431,-1
432,-1
433,-1
434,-1
435,0
436,0
437,-1
438,-1
439,0
440,-1
441,0
442,-1
443,-1
444,-1
445,-1
446,0
447,-1
448,-1
449,0
450,0
451,-1
452,-1
453,-1
454,-1
455,-1
456,-1
457,-1
458,-1
459,-1
460,0
461,-1
462,-1
463,-1
464,-1
465,-1
466,-1
467,-1
468,-1
469,0
470,0
471,0
472,-1
473,-1
474,0
475,-1
476,-1
477,-1
478,-1
479,-1
480,-1
481,-1
482,-1
483,-1
484,-1
485,-1
486,-1
487,-1
488,-1
489,-1
490,0
491,-1
492,-1
493,0
494,-1
495,-1
496,0
497,-1
498,0
499,-1
500,-1
501,-1
502,-1
503,-1
504,-1
505,-1
506,-1
507,-1
508,-1
509,-1
510,-1
511,-1
512,-1
513,0
514,0
515,-1
516,-1
517,-1
518,-1
519,-1
520,-1
521,-1
522,0
523,0
524,-1
525,-1
526,-1
527,-1
528,-1
529,-1
530,-1
531,0
532,-1
533,-1
534,0
535,0
536,-1
537,-1
538,-1
539,-1
540,-1
541,-1
542,-1
543,-1
544,-1
545,-1
546,-1
547,-1
548,-1
549,-1
550,-1
551,-1
552,-1
553,-1
554,-1
555,0
556,0
557,0
558,-1
559,-1
560,-1
561,-1
562,-1
563,-1
564,-1
565,-1
566,-1
567,0
568,0
569,-1
570,-1
571,0
572,0
573,0
574,0
575,-1
576,-1
577,-1
578,-1
579,-1
580,-1
581,0
582,0
583,0
584,-1
585,-1
586,0
587,0
588,0
589,-1
590,0
591,-1
592,-1
593,-1
594,-1
595,0
596,-1
597,0
598,-1
599,0
600,0
601,0
602,-1
603,-1
604,-1
605,-1
606,-1
607,-1
608,-1
609,-1
610,-1
611,-1
612,-1
613,-1
614,0
615,0
616,-1
617,-1
618,0
619,0
620,-1
621,-1
622,-1
623,0
624,0
625,-1
626,-1
627,-1
628,-1
629,-1
630,-1
631,0
632,-1
633,-1
634,0
635,-1
636,-1
637,0
638,-1
639,-1
640,-1
641,-1
642,0
643,-1
644,-1
645,0
646,-1
647,0
648,-1
649,-1
650,-1
651,-1
652,-1
653,-1
654,-1
655,0
656,-1
657,-1
658,-1
659,0
660,-1
661,-1
662,-1
663,-1
664,-1
665,-1
666,-1
667,0
668,0
669,-1
670,-1
671,-1
672,0
673,-1
674,-1
675,-1
676,0
677,-1
678,-1
679,0
680,0
681,-1
682,-1
683,-1
684,0
685,0
686,-1
687,-1
688,0
689,0
690,-1
691,-1
692,-1
693,-1
694,0
695,-1
696,0
697,-1
698,-1
699,0
700,-1
701,-1
702,-1
703,-1
704,-1
705,-1
706,-1
707,0
708,0
709,-1
710,0
711,-1
712,0
713,-1
714,-1
715,0
716,-1
717,-1
718,-1
719,0
720,0
721,-1
722,-1
723,0
724,0
725,-1
726,-1
727,0
728,0
729,0
730,0
731,-1
732,-1
733,-1
734,0
735,-1
736,-1
737,-1
738,0
739,-1
740,-1
741,-1
742,-1
743,-1
744,0
745,0
746,-1
747,-1
748,-1
749,-1
750,0
751,-1
752,0
753,0
754,-1
755,0
756,-1
757,-1
758,-1
759,-1
760,-1
761,-1
762,0
763,0
764,0
765,-1
766,-1
767,-1
768,-1
769,-1
770,-1
771,-1
772,-1
773,-1
774,1
775,-1
776,-1
777,-1
778,0
779,-1
780,-1
781,-1
782,-1
783,-1
784,-1
785,-1
786,0
787,-1
788,0
789,0
790,-1
791,0
792,-1
793,-1
794,0
795,0
796,0
797,0
798,-1
799,-1
800,-1
801,-1
802,-1
803,0
804,0
805,0
806,0
807,-1
808,-1
809,-1
810,-1
811,-1
812,-1
813,-1
814,-1
815,-1
816,-1
817,-1
818,-1
819,0
820,0
821,-1
822,0
823,-1
824,0
825,-1
826,-1
827,-1
828,-1
829,0
830,-1
831,-1
832,-1
833,-1
834,-1
835,-1
836,-1
837,0
838,-1
839,-1
840,-1
841,-1
842,-1
843,-1
844,-1
845,0
846,0
847,-1
848,-1
849,-1
850,0
851,-1
852,0
853,0
854,0
855,0
856,-1
857,-1
858,-1
859,-1
860,0
861,-1
862,-1
863,-1
864,-1
865,0
866,0
867,0
868,0
869,0
870,-1
871,-1
872,-1
873,-1
874,-1
875,0
876,-1
877,-1
878,-1
879,0
880,0
881,-1
882,-1
883,-1
884,-1
885,0
886,-1
887,0
888,0
889,0
890,0
891,0
892,0
893,0
894,-1
895,-1
896,-1
897,0
898,0
899,0
900,0
901,0
902,0
903,0
904,0
905,-1
906,-1
907,-1
908,-1
909,-1
910,-1
911,-1
912,0
913,-1
914,-1
915,-1
916,0
917,0
918,-1
919,-1
920,-1
921,-1
922,-1
923,-1
924,-1
925,-1
926,-1
927,0
928,0
929,-1
930,-1
931,-1
932,-1
933,-1
934,-1
935,-1
936,0
937,0
938,-1
939,-1
940,-1
941,0
942,0
943,0
944,0
945,0
946,-1
947,-1
948,0
949,0
950,-1
951,-1
952,-1
953,-1
954,0
955,-1
956,-1
957,-1
958,0
959,0
960,-1
961,-1
962,-1
963,-1
964,-1
965,-1
966,-1
967,-1
968,-1
969,-1
970,-1
971,-1
972,0
973,-1
974,-1
975,-1
976,0
977,-1
978,-1
979,-1
980,-1
981,0
982,0
983,0
984,0
985,-1
986,-1
987,0
988,-1
989,-1
990,-1
991,-1
992,-1
993,-1
994,0
995,0
996,0
997,0
998,0
999,-1
1000,0
1001,0
1002,0
1003,-1
1004,-1
1005,-1
1006,-1
1007,-1
1008,-1
1009,-1
1010,0
1011,-1
1012,-1
1013,-1
1014,0
1015,-1
1016,-1
1017,-1
1018,0
1019,-1
1020,-1
1021,-1
1022,-1
1023,-1
1024,-1
1025,-1
1026,0
1027,-1
1028,-1
1029,-1
1030,-1
1031,0
1032,-1
1033,0
1034,-1
1035,-1
1036,-1
1037,-1
1038,-1
1039,-1
1040,0
1041,-1
1042,-1
1043,-1
1044,-1
1045,-1
1046,-1
1047,-1
1048,-1
1049,-1
1050,0
1051,0
1052,-1
1053,0
1054,-1
1055,-1
1056,0
1057,0
1058,-1
1059,0
1060,-1
1061,-1
1062,-1
1063,-1
1064,-1
1065,-1
1066,0
1067,0
1068,-1
1069,-1
1070,-1
1071,-1
1072,-1
1073,0
1074,0
1075,0
1076,-1
1077,-1
1078,-1
1079,-1
1080,-1
1081,-1
1082,-1
1083,-1
1084,-1
1085,-1
1086,-1
1087,-1
1088,0
1089,-1
1090,-1
1091,-1
1092,-1
1093,-1
1094,-1
1095,0
1096,0
1097,-1
1098,-1
1099,0
1100,-1
1101,-1
1102,-1
1103,-1
1104,0
1105,0
1106,-1
1107,-1
1108,0
1109,-1
1110,0
1111,0
1112,0
1113,-1
1114,-1
1115,-1
1116,-1
1117,-1
1118,0
1119,0
1120,-1
1121,-1
1122,-1
1123,0
1124,0
1125,-1
1126,-1
1127,-1
1128,0
1129,-1
1130,-1
1131,-1
1132,0
1133,0
1134,-1
1135,-1
1136,-1
1137,-1
1138,0
1139,-1
1140,0
1141,0
1142,-1
1143,-1
1144,0
1145,0
1146,-1
1147,0
1148,0
1149,0
1150,0
1151,-1
1152,-1
1153,-1
1154,-1
1155,0
1156,-1
1157,-1
1158,-1
1159,-1
1160,-1
1161,-1
1162,-1
1163,-1
1164,-1
1165,-1
1166,0
1167,0
1168,-1
1169,0
1170,-1
1171,-1
1172,-1
1173,-1
1174,-1
1175,0
1176,-1
1177,-1
1178,-1
1179,-1
1180,-1
1181,-1
1182,0
1183,0
1184,0
1185,-1
1186,-1
1187,-1
1188,-1
1189,0
1190,-1
1191,-1
1192,0
1193,0
1194,0
1195,0
1196,0
1197,-1
1198,-1
1199,-1
1200,-1
1201,-1
1202,-1
1203,0
1204,0
1205,0
1206,0
1207,-1
1208,-1
1209,-1
1210,-1
1211,0
1212,-1
1213,-1
1214,-1
1215,0
1216,-1
1217,0
1218,-1
1219,-1
1220,-1
1221,-1
1222,0
1223,0
1224,-1
1225,-1
1226,-1
1227,0
1228,0
1229,0
1230,-1
1231,0
1232,0
1233,-1
1234,-1
1235,-1
1236,-1
1237,-1
1238,0
1239,0
1240,-1
1241,-1
1242,0
1243,0
1244,-1
1245,-1
1246,-1
1247,-1
1248,-1
1249,-1
1250,-1
1251,0
1252,0
1253,-1
1254,-1
1255,-1
1256,-1
1257,-1
1258,-1
1259,-1
1260,-1
1261,-1
1262,-1
1263,-1
1264,-1
1265,-1
1266,-1
1267,-1
1268,-1
1269,-1
1270,-1
1271,0
1272,0
1273,-1
1274,-1
1275,-1
1276,-1
1277,0
1278,0
1279,-1
1280,-1
1281,-1
1282,0
1283,-1
1284,-1
1285,0
1286,-1
1287,-1
1288,-1
1289,-1
1290,0
1291,-1
1292,0
1293,-1
1294,-1
1295,-1
1296,-1
1297,-1
1298,0
1299,0
1300,-1
1301,-1
1302,-1
1303,-1
1304,-1
1305,-1
1306,-1
1307,-1
1308,-1
1309,-1
1310,-1
1311,-1
1312,-1
1313,-1
1314,-1
1315,-1
1316,-1
1317,-1
1318,-1
1319,-1
1320,-1
1321,-1
1322,-1
1323,-1
1324,-1
1325,-1
1326,-1
1327,-1
1328,-1
1329,-1
1330,0
1331,0
1332,0
1333,-1
1334,0
1335,-1
1336,-1
1337,-1
1338,-1
1339,-1
1340,-1
1341,-1
1342,0
1343,0
1344,-1
1345,-1
1346,-1
1347,0
1348,0
1349,-1
1350,-1
1351,-1
1352,-1
1353,-1
1354,-1
1355,-1
1356,0
1357,0
1358,0
1359,-1
1360,-1
1361,-1
1362,-1
1363,0
1364,-1
1365,-1
1366,0
1367,0
1368,0
1369,0
1370,-1
1371,-1
1372,-1
1373,-1
1374,-1
1375,-1
1376,0
1377,-1
1378,-1
1379,-1
1380,-1
1381,-1
1382,-1
1383,-1
1384,-1
1385,-1
1386,-1
1387,-1
1388,-1
1389,-1
1390,-1
1391,-1
1392,-1
1393,-1
1394,-1
1395,0
1396,-1
1397,-1
1398,-1
1399,0
1400,-1
1401,-1
1402,-1
1403,0
1404,0
1405,0
1406,0
1407,-1
1408,-1
1409,-1
1410,-1
1411,-1
1412,-1
1413,-1
1414,-1
1415,-1
1416,-1
1417,-1
1418,-1
1419,-1
1420,-1
1421,-1
1422,-1
1423,-1
1424,-1
1425,-1
1426,0
1427,-1
1428,-1
1429,-1
1430,-1
1431,-1
1432,-1
1433,-1
1434,-1
1435,-1
1436,-1
1437,-1
1438,-1
1439,-1
1440,0
1441,-1
1442,-1
1443,-1
1444,0
1445,-1
1446,0
1447,-1
1448,-1
1449,-1
1450,0
1451,-1
1452,-1
1453,-1
1454,-1
1455,0
1456,0
1457,-1
1458,-1
1459,-1
1460,0
1461,-1
1462,-1
1463,-1
1464,0
1465,-1
1466,-1
1467,-1
1468,-1
1469,-1
1470,-1
1471,0
1472,-1
1473,-1
1474,-1
1475,-1
1476,-1
1477,-1
1478,0
1479,-1
1480,-1
1481,0
1482,0
1483,-1
1484,-1
1485,-1
1486,-1
1487,-1
1488,0
1489,0
1490,0
1491,0
1492,0
1493,-1
1494,-1
1495,0
1496,-1
1497,-1
1498,-1
1499,0
1500,0
1501,-1
1502,-1
1503,-1
1504,-1
1505,0
1506,-1
1507,-1
1508,-1
1509,-1
1510,-1
1511,-1
1512,-1
1513,-1
1514,-1
1515,-1
1516,-1
1517,-1
1518,-1
1519,-1
1520,0
1521,0
1522,-1
1523,0
1524,0
1525,-1
1526,-1
1527,-1
1528,-1
1529,-1
1530,0
1531,-1
1532,-1
1533,-1
1534,-1
1535,-1
1536,-1
1537,-1
1538,-1
1539,-1
1540,-1
1541,-1
1542,-1
1543,-1
1544,0
1545,-1
1546,-1
1547,-1
1548,0
1549,0
1550,-1
1551,-1
1552,-1
1553,-1
1554,-1
1555,-1
1556,-1
1557,-1
1558,-1
1559,-1
1560,-1
1561,-1
1562,0
1563,0
1564,-1
1565,-1
1566,-1
1567,-1
1568,-1
1569,-1
1570,-1
1571,0
1572,0
1573,-1
1574,-1
1575,-1
1576,0
1577,0
1578,0
1579,0
1580,-1
1581,0
1582,0
1583,-1
1584,0
1585,0
1586,-1
1587,-1
1588,0
1589,-1
1590,-1
1591,-1
1592,-1
1593,-1
1594,-1
1595,-1
1596,-1
1597,-1
1598,-1
1599,-1
1600,-1
1601,0
1602,0
1603,-1
1604,-1
1605,0
1606,0
1607,0
1608,0
1609,-1
1610,-1
1611,-1
1612,0
1613,-1
1614,-1
1615,0
1616,0
1617,0
1618,0
1619,0
1620,-1
1621,0
1622,0
1623,0
1624,0
1625,-1
1626,-1
1627,-1
1628,0
1629,0
1630,-1
1631,-1
1632,0
1633,0
1634,-1
1635,-1
1636,-1
1637,-1
1638,-1
1639,-1
1640,0
1641,0
1642,0
1643,0
1644,-1
1645,-1
1646,0
1647,-1
1648,-1
1649,-1
1650,-1
1651,-1
1652,-1
1653,-1
1654,-1
1655,-1
1656,-1
1657,0
1658,0
1659,-1
1660,-1
1661,-1
1662,0
1663,-1
1664,0
1665,0
1666,0
1667,-1
1668,-1
1669,-1
1670,-1
1671,-1
1672,-1
1673,-1
1674,-1
1675,0
1676,0
1677,-1
1678,0
1679,0
1680,-1
1681,-1
1682,-1
1683,-1
1684,-1
1685,-1
1686,-1
1687,-1
1688,0
1689,-1
1690,0
1691,-1
1692,0
1693,0
1694,0
1695,0
1696,0
1697,0
1698,-1
1699,0
1700,-1
1701,-1
1702,-1
1703,-1
1704,-1
1705,-1
1706,-1
1707,-1
1708,-1
1709,-1
1710,-1
1711,0
1712,-1
1713,-1
1714,-1
1715,-1
1716,-1
1717,-1
1718,-1
1719,-1
1720,-1
1721,0
1722,-1
1723,0
1724,-1
1725,-1
1726,-1
1727,-1
1728,-1
1729,-1
1730,-1
1731,-1
1732,-1
1733,0
1734,-1
1735,0
1736,-1
1737,-1
1738,0
1739,0
1740,-1
1741,-1
1742,-1
1743,-1
1744,-1
1745,-1
1746,-1
1747,-1
1748,-1
1749,-1
1750,-1
1751,-1
1752,-1
1753,0
1754,0
1755,0
1756,0
1757,-1
1758,0
1759,0
1760,-1
1761,-1
1762,-1
1763,-1
1764,-1
1765,-1
1766,-1
1767,0
1768,0
1769,-1
1770,-1
1771,-1
1772,-1
1773,-1
1774,-1
1775,0
1776,0
1777,0
1778,0
1779,0
1780,0
1781,-1
1782,-1
1783,0
1784,0
1785,0
1786,0
1787,-1
1788,-1
1789,0
1790,-1
1791,-1
1792,-1
1793,-1
1794,-1
1795,-1
1796,-1
1797,-1
1798,-1
1799,-1
1800,-1
1801,-1
1802,-1
1803,-1
1804,-1
1805,-1
1806,-1
1807,-1
1808,-1
1809,-1
1810,-1
1811,-1
1812,0
1813,-1
1814,-1
1815,-1
1816,-1
1817,-1
1818,-1
1819,-1
1820,-1
1821,0
1822,-1
1823,0
1824,-1
1825,0
1826,-1
1827,-1
1828,-1
1829,-1
1830,-1
1831,-1
1832,-1
1833,-1
1834,-1
1835,-1
1836,-1
1837,-1
1838,-1
1839,-1
1840,-1
1841,-1
1842,-1
1843,-1
1844,-1
1845,-1
1846,-1
1847,-1
1848,0
1849,-1
1850,-1
1851,-1
1852,0
1853,-1
1854,-1
1855,-1
1856,-1
1857,0
1858,-1
1859,-1
1860,0
1861,0
1862,0
1863,0
1864,0
1865,0
1866,-1
1867,-1
1868,0
1869,0
1870,-1
1871,-1
1872,-1
1873,-1
1874,0
1875,-1
1876,-1
1877,-1
1878,-1
1879,-1
1880,-1
1881,0
1882,-1
1883,-1
1884,-1
1885,-1
1886,-1
1887,-1
1888,0
1889,-1
1890,0
1891,0
1892,-1
1893,-1
1894,0
1895,0
1896,-1
1897,0
1898,-1
1899,-1
1900,-1
1901,0
1902,-1
1903,0
1904,-1
1905,-1
1906,-1
1907,-1
1908,-1
1909,-1
1910,-1
1911,0
1912,0
1913,0
1914,0
1915,-1
1916,-1
1917,-1
1918,-1
1919,-1
1920,0
1921,-1
1922,-1
1923,-1
1924,0
1925,0
1926,-1
1927,-1
1928,0
1929,-1
1930,-1
1931,0
1932,-1
1933,0
1934,0
1935,0
1936,-1
1937,-1
1938,-1
1939,-1
1940,-1
1941,-1
1942,-1
1943,-1
1944,-1
1945,-1
1946,-1
1947,-1
1948,0
1949,-1
1950,-1
1951,-1
1952,-1
1953,-1
1954,-1
1955,-1
1956,-1
1957,0
1958,0
1959,-1
1960,-1
1961,-1
1962,-1
1963,-1
1964,-1
1965,-1
1966,-1
1967,-1
1968,-1
1969,-1
1970,-1
1971,0
1972,-1
1973,0
1974,-1
1975,-1
1976,-1
1977,-1
1978,-1
1979,-1
1980,0
1981,-1
1982,-1
1983,-1
1984,-1
1985,0
1986,-1
1987,-1
1988,-1
1989,0
1990,-1
1991,-1
1992,-1
1993,-1
1994,-1
1995,0
1996,-1
1997,-1
1998,0
1999,-1
2000,-1
2001,-1
2002,-1
2003,-1
2004,0
2005,0
2006,-1
2007,-1
2008,-1
2009,-1
2010,-1
2011,-1
2012,0
2013,0
2014,0
2015,-1
2016,0
2017,-1
2018,0
2019,-1
2020,-1
2021,0
2022,-1
2023,-1
2024,-1
2025,-1
2026,-1
2027,0
2028,0
2029,0
2030,-1
2031,-1
2032,-1
2033,-1
2034,0
2035,0
2036,-1
2037,0
2038,0
2039,-1
2040,0
2041,-1
2042,-1
2043,-1
2044,-1
2045,-1
2046,-1
2047,-1
2048,-1
2049,-1
2050,-1
2051,-1
2052,-1
2053,-1
2054,-1
2055,-1
2056,-1
2057,-1
2058,-1
2059,0
2060,-1
2061,-1
2062,0
2063,-1
2064,-1
2065,-1
2066,-1
2067,-1
2068,-1
2069,-1
2070,-1
2071,-1
2072,-1
2073,-1
2074,-1
2075,0
2076,-1
2077,-1
2078,-1
2079,0
2080,-1
2081,-1
2082,-1
2083,0
2084,-1
2085,-1
2086,0
2087,-1
2088,-1
2089,0
2090,-1
2091,-1
2092,0
2093,-1
2094,-1
2095,-1
2096,-1
2097,-1
2098,0
2099,0
2100,-1
2101,-1
2102,-1
2103,-1
2104,-1
2105,0
2106,0
2107,0
2108,-1
2109,-1
2110,-1
2111,-1
2112,-1
2113,0
2114,0
2115,0
2116,-1
2117,0
2118,-1
2119,-1
2120,-1
2121,-1
2122,-1
2123,-1
2124,-1
2125,-1
2126,-1
2127,-1
2128,0
2129,-1
2130,-1
2131,-1
2132,0
2133,0
2134,-1
2135,-1
2136,-1
2137,0
2138,0
2139,-1
2140,-1
2141,-1
2142,-1
2143,-1
2144,-1
2145,-1
2146,0
2147,-1
2148,-1
2149,-1
2150,-1
2151,-1
2152,0
2153,0
2154,-1
2155,0
2156,-1
2157,-1
2158,-1
2159,-1
2160,-1
2161,0
2162,-1
2163,-1
2164,-1
2165,-1
2166,-1
2167,-1
2168,-1
2169,0
2170,0
2171,0
2172,0
2173,-1
2174,-1
2175,-1
2176,0
2177,-1
2178,-1
2179,-1
2180,-1
2181,-1
2182,-1
2183,0
2184,-1
2185,-1
2186,0
2187,-1
2188,0
2189,-1
2190,0
2191,0
2192,-1
2193,-1
2194,-1
2195,0
2196,0
2197,-1
2198,-1
2199,-1
2200,0
2201,0
2202,-1
2203,0
2204,0
2205,0
2206,-1
2207,-1
2208,0
2209,-1
2210,-1
2211,0
2212,-1
2213,-1
2214,0
2215,0
2216,-1
2217,-1
2218,0
2219,-1
2220,0
2221,-1
2222,-1
2223,-1
2224,-1
2225,-1
2226,-1
2227,-1
2228,0
2229,0
2230,0
2231,-1
2232,-1
2233,0
2234,-1
2235,0
2236,-1
2237,-1
2238,-1
2239,-1
2240,-1
2241,-1
2242,0
2243,0
2244,-1
2245,-1
2246,-1
2247,-1
2248,-1
2249,0
2250,0
2251,-1
2252,-1
2253,0
2254,0
2255,-1
2256,-1
2257,-1
2258,-1
2259,-1
2260,-1
2261,-1
2262,-1
2263,-1
2264,-1
2265,-1
2266,-1
2267,-1
2268,-1
2269,-1
2270,-1
2271,-1
2272,-1
2273,-1
2274,0
2275,-1
2276,-1
2277,-1
2278,-1
2279,-1
2280,-1
2281,-1
2282,0
2283,-1
2284,-1
2285,-1
2286,-1
2287,0
2288,-1
2289,-1
2290,-1
2291,-1
2292,0
2293,0
2294,0
2295,0
2296,0
2297,0
2298,0
2299,0
2300,-1
2301,-1
2302,-1
2303,-1
2304,0
2305,0
2306,0
2307,0
2308,-1
2309,-1
2310,-1
2311,-1
2312,-1
2313,-1
2314,-1
2315,-1
2316,-1
2317,-1
2318,-1
2319,-1
2320,-1
2321,-1
2322,-1
2323,0
2324,0
2325,-1
2326,0
2327,-1
2328,-1
2329,-1
2330,-1
2331,0
2332,-1
2333,-1
2334,-1
2335,-1
2336,-1
2337,0
2338,0
2339,-1
2340,-1
2341,-1
2342,-1
2343,-1
2344,-1
2345,-1
2346,-1
2347,-1
2348,0
2349,-1
2350,-1
2351,-1
2352,-1
2353,0
2354,-1
2355,-1
2356,-1
2357,-1
2358,-1
2359,-1
2360,-1
2361,-1
2362,0
2363,0
2364,0
2365,-1
2366,-1
2367,-1
2368,-1
2369,0
2370,-1
2371,-1
2372,-1
2373,0
2374,-1
2375,-1
2376,-1
2377,-1
2378,-1
2379,-1
2380,-1
2381,-1
2382,-1
2383,0
2384,-1
2385,0
2386,-1
2387,-1
2388,-1
2389,-1
2390,-1
2391,-1
2392,-1
2393,-1
2394,-1
2395,-1
2396,0
2397,-1
2398,0
2399,-1
2400,0
2401,-1
2402,-1
2403,-1
2404,-1
2405,0
2406,-1
2407,-1
2408,-1
2409,-1
2410,-1
2411,-1
2412,-1
2413,-1
2414,-1
2415,-1
2416,0
2417,0
2418,-1
2419,0
2420,-1
2421,-1
2422,-1
2423,-1
2424,-1
2425,-1
2426,-1
2427,-1
2428,-1
2429,-1
2430,-1
2431,-1
2432,-1
2433,-1
2434,0
2435,0
2436,0
2437,0
2438,-1
2439,-1
2440,0
2441,-1
2442,0
2443,-1
2444,-1
2445,-1
2446,-1
2447,-1
2448,-1
2449,-1
2450,-1
2451,-1
2452,-1
2453,-1
2454,-1
2455,-1
2456,-1
2457,0
2458,-1
2459,-1
2460,-1
2461,-1
2462,-1
2463,-1
2464,0
2465,-1
2466,-1
2467,-1
2468,-1
2469,-1
2470,-1
2471,-1
2472,-1
2473,-1
2474,-1
2475,0
2476,-1
2477,-1
2478,-1
2479,-1
2480,-1
2481,-1
2482,-1
2483,-1
2484,-1
2485,-1
2486,-1
2487,-1
2488,-1
2489,-1
2490,0
2491,0
2492,-1
2493,1
2494,0
2495,-1
2496,-1
2497,-1
2498,-1
2499,0
2500,-1
2501,0
2502,0
2503,-1
2504,-1
2505,-1
2506,-1
2507,-1
2508,0
2509,0
2510,-1
2511,-1
2512,0
2513,-1
2514,-1
2515,0
2516,-1
2517,0
2518,0
2519,-1
2520,-1
2521,-1
2522,-1
2523,-1
2524,-1
2525,-1
2526,-1
2527,-1
2528,-1
2529,-1
2530,-1
2531,-1
2532,-1
2533,-1
2534,-1
2535,0
2536,-1
2537,-1
2538,-1
2539,-1
2540,-1
2541,-1
2542,-1
2543,-1
2544,-1
2545,0
2546,-1
2547,0
2548,0
2549,-1
2550,-1
2551,0
2552,-1
2553,0
2554,-1
2555,0
2556,-1
2557,0
2558,0
2559,-1
2560,-1
2561,-1
2562,-1
2563,-1
2564,-1
2565,-1
2566,-1
2567,0
2568,0
2569,-1
2570,-1
2571,0
2572,0
2573,-1
2574,-1
2575,-1
2576,-1
2577,-1
2578,-1
2579,-1
2580,-1
2581,0
2582,0
2583,-1
2584,-1
2585,0
2586,0
2587,0
2588,0
2589,0
2590,-1
2591,-1
2592,-1
2593,0
2594,-1
2595,-1
2596,0
2597,0
2598,-1
2599,0
2600,-1
2601,-1
2602,-1
2603,-1
2604,-1
2605,-1
2606,-1
2607,-1
2608,-1
2609,-1
2610,-1
2611,-1
2612,-1
2613,0
2614,0
2615,-1
2616,-1
2617,-1
2618,0
2619,0
2620,-1
2621,-1
2622,-1
2623,-1
2624,-1
2625,0
2626,-1
2627,0
2628,0
2629,-1
2630,-1
2631,-1
2632,-1
2633,-1
2634,0
2635,0
2636,-1
2637,-1
2638,-1
2639,-1
2640,-1
2641,-1
2642,0
2643,-1
2644,-1
2645,-1
2646,-1
2647,0
2648,0
2649,-1
2650,-1
2651,-1
2652,-1
2653,-1
2654,0
2655,-1
2656,-1
2657,0
2658,0
2659,-1
2660,-1
2661,0
2662,0
2663,0
2664,-1
2665,-1
2666,-1
2667,-1
2668,-1
2669,-1
2670,0
2671,-1
2672,0
2673,0
2674,-1
2675,-1
2676,0
2677,-1
2678,-1
2679,0
2680,-1
2681,-1
2682,-1
2683,-1
2684,0
2685,-1
2686,-1
2687,-1
2688,-1
2689,-1
2690,-1
2691,0
2692,0
2693,0
2694,-1
2695,-1
2696,-1
2697,-1
2698,-1
2699,0
2700,-1
2701,0
2702,-1
2703,-1
2704,-1
2705,-1
2706,0
2707,-1
2708,-1
2709,-1
2710,0
2711,-1
2712,-1
2713,-1
2714,0
2715,0
2716,-1
2717,-1
2718,-1
2719,-1
2720,0
2721,-1
2722,-1
2723,-1
2724,-1
2725,-1
2726,-1
2727,-1
2728,0
2729,0
2730,0
2731,-1
2732,-1
2733,-1
2734,-1
2735,-1
2736,0
2737,-1
2738,-1
2739,-1
2740,-1
2741,-1
2742,0
2743,0
2744,-1
2745,-1
2746,-1
2747,-1
2748,-1
2749,-1
2750,-1
2751,-1
2752,-1
2753,0
2754,-1
2755,-1
2756,-1
2757,-1
2758,-1
2759,-1
2760,-1
2761,-1
2762,-1
2763,0
2764,-1
2765,-1
2766,-1
2767,0
2768,0
2769,-1
2770,-1
2771,-1
2772,0
2773,-1
2774,-1
2775,-1
2776,0
2777,0
2778,-1
2779,-1
2780,-1
2781,-1
2782,-1
2783,-1
2784,-1
2785,-1
2786,-1
2787,0
2788,-1
2789,-1
2790,-1
2791,-1
2792,0
2793,-1
2794,-1
2795,0
2796,-1
2797,0
2798,0
2799,-1
2800,0
2801,0
2802,0
2803,0
2804,-1
2805,-1
2806,-1
2807,-1
2808,-1
2809,-1
2810,-1
2811,0
2812,0
2813,0
2814,0
2815,-1
2816,-1
2817,-1
2818,-1
2819,-1
2820,0
2821,-1
2822,-1
2823,-1
2824,-1
2825,-1
2826,-1
2827,-1
2828,0
2829,-1
2830,-1
2831,0
2832,-1
2833,-1
2834,-1
2835,-1
2836,-1
2837,-1
2838,-1
2839,0
2840,-1
2841,-1
2842,-1
2843,-1
2844,-1
2845,-1
2846,-1
2847,0
2848,-1
2849,0
2850,0
2851,0
2852,-1
2853,0
2854,0
2855,-1
2856,0
2857,-1
2858,-1
2859,-1
2860,0
2861,-1
2862,-1
2863,-1
2864,-1
2865,-1
2866,-1
2867,0
2868,0
2869,-1
2870,-1
2871,-1
2872,-1
2873,-1
2874,-1
2875,-1
2876,-1
2877,0
2878,0
2879,-1
2880,-1
2881,-1
2882,-1
2883,-1
2884,-1
2885,0
2886,0
2887,-1
2888,-1
2889,0
2890,-1
2891,0
2892,-1
2893,0
2894,0
2895,-1
2896,-1
2897,-1
2898,-1
2899,-1
2900,-1
2901,0
2902,0
2903,-1
2904,-1
2905,0
2906,0
2907,0
2908,-1
2909,-1
2910,-1
2911,-1
2912,-1
2913,1
2914,-1
2915,-1
2916,-1
2917,-1
2918,-1
2919,-1
2920,0
2921,-1
2922,-1
2923,-1
2924,-1
2925,0
2926,-1
2927,-1
2928,-1
2929,-1
2930,-1
2931,-1
2932,-1
2933,-1
2934,-1
2935,-1
2936,-1
2937,-1
2938,-1
2939,-1
2940,-1
2941,-1
2942,-1
2943,-1
2944,-1
2945,-1
2946,0
2947,0
2948,-1
2949,-1
2950,0
2951,-1
2952,-1
2953,-1
2954,-1
2955,-1
2956,0
2957,-1
2958,-1
2959,0
2960,0
2961,-1
2962,0
2963,0
2964,-1
2965,0
2966,-1
2967,0
2968,0
2969,-1
2970,-1
2971,-1
2972,0
2973,-1
2974,-1
2975,0
2976,0
2977,-1
2978,-1
2979,-1
2980,0
2981,0
2982,-1
2983,-1
2984,-1
2985,-1
2986,-1
2987,-1
2988,-1
2989,-1
2990,-1
2991,-1
2992,-1
2993,0
2994,-1
2995,-1
2996,0
2997,-1
2998,0
2999,0
3000,-1
3001,-1
3002,0
3003,0
3004,0
3005,-1
3006,-1
3007,0
3008,-1
3009,-1
3010,-1
3011,-1
3012,-1
3013,-1
3014,-1
3015,-1
3016,-1
3017,-1
3018,-1
3019,-1
3020,-1
3021,-1
3022,0
3023,0
3024,0
3025,-1
3026,0
3027,-1
3028,-1
3029,-1
3030,-1
3031,0
3032,-1
3033,0
3034,0
3035,0
3036,-1
3037,-1
3038,0
3039,-1
3040,-1
3041,-1
3042,-1
3043,-1
3044,-1
3045,-1
3046,-1
3047,-1
3048,0
3049,0
3050,-1
3051,-1
3052,-1
3053,-1
3054,-1
3055,0
3056,-1
3057,0
3058,-1
3059,-1
3060,-1
3061,-1
3062,-1
3063,-1
3064,-1
3065,-1
3066,-1
3067,0
3068,0
3069,0
3070,-1
3071,-1
3072,0
3073,-1
3074,0
3075,-1
3076,-1
3077,0
3078,0
3079,-1
3080,-1
3081,0
3082,0
3083,-1
3084,-1
3085,-1
3086,0
3087,0
3088,0
3089,-1
3090,0
3091,0
3092,-1
3093,0
3094,-1
3095,0
3096,0
3097,0
3098,0
3099,-1
3100,-1
3101,-1
3102,-1
3103,-1
3104,-1
3105,-1
3106,-1
3107,-1
3108,-1
3109,0
3110,0
3111,-1
3112,0
3113,-1
3114,0
3115,-1
3116,-1
3117,0
3118,0
3119,0
3120,-1
3121,-1
3122,0
3123,-1
3124,-1
3125,-1
3126,-1
3127,0
3128,-1
3129,-1
3130,-1
3131,0
3132,-1
3133,-1
3134,0
3135,-1
3136,-1
3137,-1
3138,-1
3139,-1
3140,-1
3141,-1
3142,0
3143,0
3144,0
3145,-1
3146,-1
3147,-1
3148,0
3149,-1
3150,-1
3151,-1
3152,-1
3153,-1
3154,-1
3155,0
3156,0
3157,0
3158,-1
3159,0
3160,-1
3161,-1
3162,-1
3163,-1
3164,0
3165,0
3166,0
3167,0
3168,-1
3169,0
3170,-1
3171,-1
3172,-1
3173,-1
3174,-1
3175,-1
3176,0
3177,-1
3178,-1
3179,-1
3180,-1
3181,-1
3182,-1
3183,-1
3184,-1
3185,-1
3186,0
3187,-1
3188,-1
3189,-1
3190,0
3191,0
3192,0
3193,0
3194,-1
3195,-1
3196,-1
3197,-1
3198,-1
3199,-1
3200,-1
3201,-1
3202,0
3203,0
3204,0
3205,-1
3206,-1
3207,-1
3208,0
3209,-1
3210,-1
3211,-1
3212,-1
3213,-1
3214,-1
3215,-1
3216,-1
3217,-1
3218,-1
3219,-1
3220,0
3221,-1
3222,-1
3223,-1
3224,-1
3225,-1
3226,-1
3227,-1
3228,-1
3229,-1
3230,0
3231,-1
3232,-1
3233,-1
3234,-1
3235,-1
3236,-1
3237,-1
3238,0
3239,-1
3240,0
3241,-1
3242,-1
3243,-1
3244,-1
3245,-1
3246,-1
3247,-1
3248,-1
3249,0
3250,-1
3251,-1
3252,-1
3253,-1
3254,-1
3255,-1
3256,-1
3257,-1
3258,-1
3259,-1
3260,-1
3261,-1
3262,-1
3263,-1
3264,-1
3265,-1
3266,0
3267,0
3268,-1
3269,-1
3270,-1
3271,-1
3272,-1
3273,0
3274,-1
3275,0
3276,-1
3277,-1
3278,-1
3279,-1
3280,-1
3281,-1
3282,-1
3283,-1
3284,-1
3285,-1
3286,-1
3287,-1
3288,-1
3289,-1
3290,0
3291,-1
3292,-1
3293,-1
3294,-1
3295,0
3296,0
3297,-1
3298,-1
3299,-1
3300,-1
3301,0
3302,0
3303,-1
3304,-1
3305,0
3306,-1
3307,-1
3308,-1
3309,-1
3310,-1
3311,-1
3312,-1
3313,-1
3314,-1
3315,-1
3316,0
3317,0
3318,-1
3319,-1
3320,0
3321,-1
3322,-1
3323,-1
3324,-1
3325,-1
3326,0
3327,-1
3328,-1
3329,-1
3330,-1
3331,-1
3332,-1
3333,0
3334,-1
3335,0
3336,-1
3337,-1
3338,-1
3339,-1
3340,0
3341,-1
3342,-1
3343,-1
3344,-1
3345,-1
3346,-1
3347,-1
3348,0
3349,-1
3350,-1
3351,-1
3352,0
3353,-1
3354,-1
3355,-1
3356,-1
3357,-1
3358,-1
3359,-1
3360,0
3361,-1
3362,-1
3363,-1
3364,-1
3365,0
3366,-1
3367,0
3368,-1
3369,0
3370,-1
3371,0
3372,-1
3373,-1
3374,-1
3375,-1
3376,-1
3377,-1
3378,-1
3379,-1
3380,-1
3381,-1
3382,-1
3383,-1
3384,-1
3385,-1
3386,-1
3387,-1
3388,-1
3389,-1
3390,-1
3391,0
3392,-1
3393,-1
3394,-1
3395,-1
3396,-1
3397,0
3398,0
3399,0
3400,0
3401,-1
3402,-1
3403,-1
3404,-1
3405,0
3406,0
3407,0
3408,-1
3409,-1
3410,-1
3411,-1
3412,-1
3413,0
3414,-1
3415,-1
3416,-1
3417,0
3418,0
3419,-1
3420,-1
3421,-1
3422,0
3423,-1
3424,-1
3425,-1
3426,-1
3427,0
3428,0
3429,-1
3430,-1
3431,-1
3432,-1
3433,-1
3434,-1
3435,0
3436,0
3437,-1
3438,0
3439,0
3440,0
3441,-1
3442,0
3443,-1
3444,-1
3445,-1
3446,0
3447,-1
3448,-1
3449,-1
3450,-1
3451,-1
3452,-1
3453,-1
3454,-1
3455,0
3456,0
3457,-1
3458,-1
3459,0
3460,0
3461,-1
3462,-1
3463,-1
3464,-1
3465,0
3466,-1
3467,-1
3468,-1
3469,-1
3470,-1
3471,0
3472,-1
3473,-1
3474,-1
3475,0
3476,-1
3477,0
3478,0
3479,-1
3480,-1
3481,-1
3482,0
3483,-1
3484,-1
3485,-1
3486,0
3487,0
3488,-1
3489,-1
3490,-1
3491,-1
3492,-1
3493,0
3494,0
3495,-1
3496,-1
3497,-1
3498,-1
3499,-1
3500,-1
3501,-1
3502,-1
3503,-1
3504,-1
3505,0
3506,0
3507,-1
3508,-1
3509,-1
3510,-1
3511,-1
3512,-1
3513,-1
3514,-1
3515,0
3516,-1
3517,-1
3518,-1
3519,0
3520,0
3521,-1
3522,-1
3523,0
3524,0
3525,-1
3526,-1
3527,-1
3528,-1
3529,-1
3530,0
3531,-1
3532,-1
3533,0
3534,-1
3535,-1
3536,-1
3537,-1
3538,-1
3539,-1
3540,-1
3541,-1
3542,-1
3543,0
3544,0
3545,-1
3546,-1
3547,-1
3548,0
3549,0
3550,0
3551,-1
3552,-1
3553,-1
3554,-1
3555,0
3556,-1
3557,-1
3558,-1
3559,-1
3560,-1
3561,-1
3562,0
3563,-1
3564,-1
3565,-1
3566,0
3567,0
3568,-1
3569,-1
3570,-1
3571,0
3572,0
3573,-1
3574,-1
3575,-1
3576,0
3577,-1
3578,-1
3579,-1
3580,-1
3581,0
3582,0
3583,-1
3584,-1
3585,0
3586,0
3587,-1
3588,-1
3589,-1
3590,-1
3591,0
3592,-1
3593,-1
3594,-1
3595,0
3596,-1
3597,-1
3598,-1
3599,-1
3600,0
3601,0
3602,0
3603,0
3604,0
3605,0
3606,-1
3607,0
3608,-1
3609,-1
3610,-1
3611,-1
3612,-1
3613,-1
3614,-1
3615,0
3616,-1
3617,-1
3618,-1
3619,-1
3620,0
3621,0
3622,1
3623,-1
3624,-1
3625,-1
3626,-1
3627,-1
3628,-1
3629,0
3630,-1
3631,-1
3632,0
3633,0
3634,-1
3635,-1
3636,-1
3637,-1
3638,-1
3639,-1
3640,-1
3641,0
3642,0
3643,-1
3644,0
3645,-1
3646,-1
3647,-1
3648,-1
3649,-1
3650,0
3651,-1
3652,-1
3653,-1
3654,-1
3655,-1
3656,0
3657,0
3658,0
3659,-1
3660,-1
3661,-1
3662,-1
3663,0
3664,0
3665,0
3666,-1
3667,-1
3668,0
3669,0
3670,-1
3671,-1
3672,-1
3673,-1
3674,-1
3675,-1
3676,-1
3677,0
3678,-1
3679,-1
3680,0
3681,-1
3682,-1
3683,0
3684,-1
3685,-1
3686,0
3687,-1
3688,-1
3689,-1
3690,0
3691,0
3692,-1
3693,-1
3694,-1
3695,0
3696,0
3697,0
3698,-1
3699,-1
3700,0
3701,-1
3702,-1
3703,0
3704,0
3705,-1
3706,-1
3707,-1
3708,-1
3709,-1
3710,-1
3711,-1
3712,-1
3713,-1
3714,0
3715,-1
3716,-1
3717,-1
3718,-1
3719,-1
3720,-1
3721,-1
3722,0
3723,-1
3724,-1
3725,-1
3726,-1
3727,-1
3728,1
3729,0
3730,-1
3731,-1
3732,-1
3733,-1
3734,-1
3735,0
3736,-1
3737,-1
3738,-1
3739,-1
3740,-1
3741,-1
3742,-1
3743,-1
3744,-1
3745,0
3746,0
3747,-1
3748,-1
3749,-1
3750,-1
3751,0
3752,-1
3753,-1
3754,-1
3755,-1
3756,0
3757,-1
3758,-1
3759,-1
3760,0
3761,-1
3762,0
3763,0
3764,-1
3765,-1
3766,-1
3767,-1
3768,-1
3769,-1
3770,-1
3771,-1
3772,-1
3773,-1
3774,0
3775,-1
3776,-1
3777,-1
3778,0
3779,-1
3780,-1
3781,0
3782,0
3783,-1
3784,0
3785,-1
3786,-1
3787,0
3788,-1
3789,0
3790,0
3791,0
3792,0
3793,-1
3794,0
3795,0
3796,-1
3797,0
3798,-1
3799,-1
3800,-1
3801,-1
3802,-1
3803,-1
3804,-1
3805,-1
3806,-1
3807,-1
3808,-1
3809,-1
3810,-1
3811,-1
3812,-1
3813,-1
3814,-1
3815,-1
3816,-1
3817,-1
3818,-1
3819,-1
3820,-1
3821,-1
3822,0
3823,-1
3824,-1
3825,-1
3826,-1
3827,-1
3828,-1
3829,-1
3830,-1
3831,0
3832,0
3833,-1
3834,-1
3835,-1
3836,-1
3837,0
3838,0
3839,-1
3840,-1
3841,0
3842,-1
3843,-1
3844,0
3845,0
3846,-1
3847,-1
3848,-1
3849,-1
3850,-1
3851,0
3852,-1
3853,-1
3854,-1
3855,-1
3856,-1
3857,0
3858,-1
3859,-1
3860,-1
3861,-1
3862,-1
3863,-1
3864,0
3865,-1
3866,-1
3867,-1
3868,-1
3869,-1
3870,-1
3871,-1
3872,-1
3873,-1
3874,0
3875,0
3876,0
3877,0
3878,0
3879,-1
3880,-1
3881,-1
3882,-1
3883,-1
3884,-1
3885,-1
3886,-1
3887,-1
3888,-1
3889,-1
3890,-1
3891,-1
3892,-1
3893,-1
3894,-1
3895,0
3896,-1
3897,-1
3898,-1
3899,-1
3900,-1
3901,-1
3902,0
3903,-1
3904,-1
3905,0
3906,0
3907,-1
3908,-1
3909,-1
3910,-1
3911,0
3912,-1
3913,-1
3914,-1
3915,-1
3916,0
3917,0
3918,0
3919,0
3920,-1
3921,-1
3922,-1
3923,0
3924,-1
3925,-1
3926,0
3927,-1
3928,-1
3929,-1
3930,-1
3931,-1
3932,-1
3933,-1
3934,-1
3935,-1
3936,-1
3937,-1
3938,-1
3939,0
3940,0
3941,-1
3942,-1
3943,-1
3944,0
3945,0
3946,0
3947,-1
3948,-1
3949,-1
3950,0
3951,-1
3952,-1
3953,0
3954,-1
3955,0
3956,-1
3957,-1
3958,-1
3959,-1
3960,-1
3961,-1
3962,-1
3963,-1
3964,-1
3965,-1
3966,-1
3967,-1
3968,-1
3969,-1
3970,0
3971,-1
3972,-1
3973,-1
3974,-1
3975,-1
3976,-1
3977,-1
3978,-1
3979,0
3980,0
3981,-1
3982,0
3983,-1
3984,0
3985,-1
3986,0
3987,-1
3988,-1
3989,-1
3990,-1
3991,-1
3992,-1
3993,-1
3994,-1
3995,0
3996,-1
3997,-1
3998,-1
3999,-1
4000,-1
4001,-1
4002,-1
4003,-1
4004,0
4005,-1
4006,-1
4007,-1
4008,0
4009,-1
4010,-1
4011,-1
4012,0
4013,-1
4014,-1
4015,-1
4016,-1
4017,0
4018,-1
4019,-1
4020,-1
4021,-1
4022,-1
4023,-1
4024,-1
4025,-1
4026,-1
4027,-1
4028,0
4029,0
4030,-1
4031,0
4032,-1
4033,-1
4034,-1
4035,-1
4036,0
4037,0
4038,-1
4039,-1
4040,-1
4041,-1
4042,-1
4043,-1
4044,0
4045,-1
4046,-1
4047,-1
4048,-1
4049,-1
4050,-1
4051,-1
4052,-1
4053,-1
4054,-1
4055,-1
4056,-1
4057,-1
4058,-1
4059,-1
4060,-1
4061,-1
4062,-1
4063,0
4064,0
4065,-1
4066,-1
4067,-1
4068,-1
4069,-1
4070,0
4071,-1
4072,-1
4073,-1
4074,-1
4075,0
4076,-1
4077,-1
4078,-1
4079,-1
4080,-1
4081,0
4082,0
4083,0
4084,-1
4085,0
4086,-1
4087,0
4088,0
4089,-1
4090,0
4091,0
4092,-1
4093,-1
4094,-1
4095,-1
4096,-1
4097,0
4098,0
4099,-1
4100,-1
4101,-1
4102,-1
4103,0
4104,0
4105,0
4106,-1
4107,-1
4108,-1
4109,-1
4110,0
4111,-1
4112,-1
4113,0
4114,-1
4115,0
4116,0
4117,-1
4118,-1
4119,-1
4120,1
4121,-1
4122,-1
4123,-1
4124,-1
4125,-1
4126,-1
4127,0
4128,0
4129,-1
4130,-1
4131,-1
4132,-1
4133,-1
4134,-1
4135,-1
4136,0
4137,-1
4138,-1
4139,-1
4140,0
4141,0
4142,0
4143,-1
4144,-1
4145,0
4146,-1
4147,-1
4148,-1
4149,-1
4150,-1
4151,-1
4152,-1
4153,-1
4154,0
4155,-1
4156,0
4157,-1
4158,-1
4159,-1
4160,-1
4161,-1
4162,-1
4163,-1
4164,0
4165,0
4166,0
4167,-1
4168,-1
4169,-1
4170,-1
4171,0
4172,-1
4173,0
4174,-1
4175,-1
4176,-1
4177,-1
4178,0
4179,-1
4180,-1
4181,-1
4182,-1
4183,-1
4184,-1
4185,-1
4186,0
4187,-1
4188,-1
4189,-1
4190,-1
4191,0
4192,-1
4193,-1
4194,-1
4195,-1
4196,-1
4197,0
4198,0
4199,-1
4200,-1
4201,-1
4202,-1
4203,-1
4204,-1
4205,-1
4206,-1
4207,-1
4208,0
4209,0
4210,-1
4211,-1
4212,-1
4213,-1
4214,0
4215,0
4216,0
4217,0
4218,0
4219,-1
4220,-1
4221,0
4222,0
4223,-1
4224,-1
4225,0
4226,-1
4227,-1
4228,-1
4229,-1
4230,-1
4231,-1
4232,-1
4233,-1
4234,-1
4235,-1
4236,0
4237,-1
4238,0
4239,-1
4240,-1
4241,-1
4242,-1
4243,0
4244,0
4245,-1
4246,0
4247,-1
4248,-1
4249,-1
4250,-1
4251,0
4252,-1
4253,-1
4254,0
4255,-1
4256,-1
4257,-1
4258,-1
4259,-1
4260,-1
4261,-1
4262,-1
4263,-1
4264,-1
4265,0
4266,0
4267,-1
4268,-1
4269,-1
4270,-1
4271,-1
4272,-1
4273,-1
4274,-1
4275,-1
4276,-1
4277,-1
4278,-1
4279,0
4280,-1
4281,-1
4282,-1
4283,-1
4284,-1
4285,-1
4286,-1
4287,-1
4288,0
4289,-1
4290,-1
4291,-1
4292,-1
4293,-1
4294,-1
4295,-1
4296,-1
4297,-1
4298,-1
4299,-1
4300,-1
4301,-1
4302,-1
4303,0
4304,-1
4305,-1
4306,-1
4307,-1
4308,-1
4309,-1
4310,-1
4311,-1
4312,-1
4313,-1
4314,0
4315,-1
4316,-1
4317,-1
4318,-1
4319,0
4320,0
4321,0
4322,0
4323,-1
4324,-1
4325,0
4326,0
4327,-1
4328,-1
4329,-1
4330,-1
4331,0
4332,0
4333,-1
4334,-1
4335,-1
4336,-1
4337,-1
4338,-1
4339,-1
4340,-1
4341,-1
4342,-1
4343,-1
4344,0
4345,0
4346,-1
4347,-1
4348,-1
4349,-1
4350,0
4351,0
4352,0
4353,-1
4354,-1
4355,0
4356,-1
4357,-1
4358,-1
4359,-1
4360,-1
4361,-1
4362,-1
4363,-1
4364,-1
4365,-1
4366,0
4367,-1
4368,0
4369,-1
4370,-1
4371,0
4372,-1
4373,-1
4374,-1
4375,0
4376,0
4377,0
4378,0
4379,-1
4380,-1
4381,0
4382,-1
4383,-1
4384,0
4385,0
4386,-1
4387,-1
4388,-1
4389,-1
4390,-1
4391,-1
4392,-1
4393,-1
4394,-1
4395,0
4396,-1
4397,0
4398,-1
4399,0
4400,-1
4401,-1
4402,-1
4403,-1
4404,-1
4405,0
4406,-1
4407,-1
4408,-1
4409,-1
4410,-1
4411,0
4412,0
4413,-1
4414,-1
4415,-1
4416,-1
4417,-1
4418,0
4419,0
4420,-1
4421,-1
4422,-1
4423,-1
4424,0
4425,-1
4426,-1
4427,-1
4428,-1
4429,-1
4430,-1
4431,-1
4432,0
4433,-1
4434,-1
4435,0
4436,0
4437,0
4438,0
4439,-1
4440,-1
4441,-1
4442,-1
4443,0
4444,0
4445,-1
4446,-1
4447,0
4448,-1
4449,-1
4450,-1
4451,-1
4452,0
4453,0
4454,0
4455,-1
4456,-1
4457,-1
4458,-1
4459,-1
4460,-1
4461,-1
4462,-1
4463,-1
4464,-1
4465,-1
4466,0
4467,-1
4468,0
4469,-1
4470,-1
4471,-1
4472,-1
4473,0
4474,-1
4475,-1
4476,-1
4477,-1
4478,-1
4479,0
4480,0
4481,-1
4482,0
4483,-1
4484,-1
4485,0
4486,-1
4487,0
4488,0
4489,0
4490,-1
4491,0
4492,0
4493,-1
4494,-1
4495,-1
4496,-1
4497,-1
4498,-1
4499,-1
4500,-1
4501,-1
4502,-1
4503,-1
4504,-1
4505,-1
4506,-1
4507,-1
4508,0
4509,-1
4510,-1
4511,-1
4512,-1
4513,0
4514,-1
4515,-1
4516,-1
4517,-1
4518,-1
4519,-1
4520,-1
4521,-1
4522,-1
4523,0
4524,-1
4525,-1
4526,-1
4527,-1
4528,-1
4529,0
4530,0
4531,-1
4532,0
4533,-1
4534,-1
4535,0
4536,0
4537,-1
4538,-1
4539,-1
4540,-1
4541,-1
4542,-1
4543,0
4544,-1
4545,-1
4546,-1
4547,-1
4548,-1
4549,-1
4550,0
4551,0
4552,0
4553,-1
4554,-1
4555,-1
4556,-1
4557,-1
4558,-1
4559,-1
4560,-1
4561,-1
4562,-1
4563,-1
4564,-1
4565,0
4566,-1
4567,0
4568,0
4569,-1
4570,-1
4571,-1
4572,-1
4573,-1
4574,-1
4575,-1
4576,-1
4577,-1
4578,-1
4579,-1
4580,0
4581,0
4582,-1
4583,-1
4584,-1
4585,0
4586,-1
4587,0
4588,-1
4589,-1
4590,0
4591,-1
4592,-1
4593,-1
4594,-1
4595,0
4596,-1
4597,-1
4598,-1
4599,-1
4600,-1
4601,0
4602,0
4603,-1
4604,0
4605,0
4606,-1
4607,-1
4608,-1
4609,-1
4610,-1
4611,-1
4612,0
4613,-1
4614,-1
4615,0
4616,-1
4617,-1
4618,0
4619,-1
4620,-1
4621,-1
4622,0
4623,0
4624,0
4625,-1
4626,-1
4627,-1
4628,-1
4629,-1
4630,-1
4631,-1
4632,-1
4633,-1
4634,-1
4635,-1
4636,0
4637,-1
4638,-1
4639,-1
4640,-1
4641,-1
4642,-1
4643,0
4644,-1
4645,-1
4646,-1
4647,0
4648,-1
4649,-1
4650,-1
4651,-1
4652,0
4653,-1
4654,-1
4655,0
4656,0
4657,-1
4658,-1
4659,0
4660,-1
4661,-1
4662,-1
4663,-1
4664,-1
4665,0
4666,0
4667,-1
4668,-1
4669,-1
4670,-1
4671,-1
4672,-1
4673,-1
4674,-1
4675,-1
4676,0
4677,-1
4678,-1
4679,0
4680,-1
4681,-1
4682,-1
4683,-1
4684,0
4685,0
4686,-1
4687,0
4688,-1
4689,-1
4690,0
4691,0
4692,0
4693,-1
4694,-1
4695,0
4696,-1
4697,0
4698,0
4699,0
4700,0
4701,-1
4702,0
4703,-1
4704,-1
4705,0
4706,-1
4707,-1
4708,0
4709,-1
4710,-1
4711,-1
4712,-1
4713,-1
4714,0
4715,-1
4716,-1
4717,-1
4718,0
4719,0
4720,-1
4721,-1
4722,-1
4723,0
4724,-1
4725,-1
4726,-1
4727,-1
4728,-1
4729,-1
4730,0
4731,0
4732,0
4733,-1
4734,-1
4735,-1
4736,-1
4737,-1
4738,0
4739,-1
4740,-1
4741,0
4742,0
4743,-1
4744,0
4745,0
4746,0
4747,-1
4748,-1
4749,0
4750,-1
4751,-1
4752,-1
4753,-1
4754,-1
4755,-1
4756,0
4757,-1
4758,-1
4759,-1
4760,-1
4761,0
4762,0
4763,0
4764,-1
4765,-1
4766,0
4767,-1
4768,0
4769,-1
4770,-1
4771,-1
4772,-1
4773,-1
4774,-1
4775,-1
4776,-1
4777,0
4778,0
4779,0
4780,-1
4781,-1
4782,0
4783,-1
4784,-1
4785,-1
4786,-1
4787,-1
4788,-1
4789,0
4790,-1
4791,-1
4792,-1
4793,0
4794,-1
4795,-1
4796,-1
4797,-1
4798,-1
4799,-1
4800,-1
4801,-1
4802,-1
4803,-1
4804,0
4805,0
4806,-1
4807,0
4808,-1
4809,-1
4810,0
4811,0
4812,-1
4813,0
4814,-1
4815,-1
4816,-1
4817,-1
4818,-1
4819,-1
4820,-1
4821,0
4822,-1
4823,-1
4824,-1
4825,-1
4826,-1
4827,0
4828,-1
4829,-1
4830,-1
4831,0
4832,-1
4833,-1
4834,-1
4835,-1
4836,0
4837,-1
4838,-1
4839,-1
4840,0
4841,-1
4842,-1
4843,-1
4844,0
4845,0
4846,-1
4847,-1
4848,-1
4849,-1
4850,0
4851,-1
4852,0
4853,0
4854,-1
4855,-1
4856,0
4857,0
4858,-1
4859,-1
4860,0
4861,0
4862,0
4863,-1
4864,-1
4865,-1
4866,0
4867,-1
4868,0
4869,-1
4870,0
4871,0
4872,-1
4873,-1
4874,0
4875,0
4876,0
4877,0
4878,-1
4879,-1
4880,-1
4881,-1
4882,-1
4883,-1
4884,-1
4885,-1
4886,0
4887,-1
4888,0
4889,0
4890,-1
4891,-1
4892,-1
4893,-1
4894,-1
4895,0
4896,0
4897,-1
4898,-1
4899,-1
4900,0
4901,-1
4902,-1
4903,0
4904,-1
4905,0
4906,0
4907,-1
4908,-1
4909,-1
4910,-1
4911,-1
4912,1
4913,0
4914,0
4915,0
4916,0
4917,0
4918,-1
4919,-1
4920,0
4921,-1
4922,-1
4923,-1
4924,-1
4925,-1
4926,-1
4927,-1
4928,-1
4929,-1
4930,-1
4931,-1
4932,0
4933,-1
4934,0
4935,0
4936,-1
4937,0
4938,0
4939,0
4940,-1
4941,0
4942,0
4943,-1
4944,-1
4945,-1
4946,-1
4947,-1
4948,-1
4949,-1
4950,-1
4951,-1
4952,-1
4953,-1
4954,-1
4955,-1
4956,-1
4957,-1
4958,-1
4959,-1
4960,0
4961,0
4962,0
4963,0
4964,-1
4965,-1
4966,-1
4967,-1
4968,-1
4969,-1
4970,0
4971,-1
4972,0
4973,-1
4974,-1
4975,-1
4976,-1
4977,0
4978,-1
4979,-1
4980,0
4981,0
4982,-1
4983,-1
4984,1
4985,-1
4986,-1
4987,-1
4988,-1
4989,-1
4990,-1
4991,-1
4992,-1
4993,-1
4994,-1
4995,0
4996,-1
4997,0
4998,-1
4999,-1
5000,-1
5001,-1
5002,-1
5003,-1
5004,-1
5005,-1
5006,-1
5007,-1
5008,0
5009,-1
5010,-1
5011,-1
5012,-1
5013,-1
5014,-1
5015,0
5016,-1
5017,0
5018,-1
5019,-1
5020,-1
5021,-1
5022,-1
5023,-1
5024,0
5025,-1
5026,-1
5027,-1
5028,-1
5029,-1
5030,-1
5031,-1
5032,0
5033,-1
5034,-1
5035,-1
5036,-1
5037,0
5038,-1
5039,-1
5040,0
5041,-1
5042,-1
5043,-1
5044,-1
5045,-1
5046,-1
5047,-1
5048,-1
5049,-1
5050,-1
5051,-1
5052,-1
5053,-1
5054,0
5055,-1
5056,0
5057,0
5058,0
5059,0
5060,-1
5061,-1
5062,-1
5063,-1
5064,-1
5065,-1
5066,-1
5067,-1
5068,-1
5069,-1
5070,-1
5071,-1
5072,-1
5073,0
5074,-1
5075,-1
5076,-1
5077,-1
5078,0
5079,-1
5080,-1
5081,0
5082,-1
5083,-1
5084,-1
5085,-1
5086,-1
5087,-1
5088,-1
5089,-1
5090,-1
5091,-1
5092,-1
5093,0
5094,-1
5095,-1
5096,-1
5097,-1
5098,-1
5099,-1
5100,0
5101,-1
5102,-1
5103,-1
5104,-1
5105,-1
5106,-1
5107,-1
5108,-1
5109,-1
5110,-1
5111,-1
5112,0
5113,-1
5114,-1
5115,0
5116,-1
5117,0
5118,-1
5119,-1
5120,0
5121,-1
5122,0
5123,-1
5124,-1
5125,-1
5126,0
5127,0
5128,-1
5129,-1
5130,-1
5131,0
5132,-1
5133,-1
5134,-1
5135,-1
5136,-1
5137,-1
5138,0
5139,-1
5140,-1
5141,-1
5142,-1
5143,-1
5144,-1
5145,-1
5146,0
5147,0
5148,-1
5149,-1
5150,-1
5151,-1
5152,-1
5153,-1
5154,-1
5155,-1
5156,-1
5157,0
5158,-1
5159,-1
5160,0
5161,-1
5162,-1
5163,0
5164,-1
5165,-1
5166,-1
5167,-1
5168,-1
5169,-1
5170,-1
5171,-1
5172,0
5173,-1
5174,-1
5175,-1
5176,0
5177,-1
5178,-1
5179,-1
5180,0
5181,0
5182,-1
5183,-1
5184,0
5185,-1
5186,-1
5187,-1
5188,0
5189,0
5190,-1
5191,-1
5192,-1
5193,-1
5194,-1
5195,-1
5196,-1
5197,1
5198,-1
5199,0
5200,-1
5201,0
5202,-1
5203,-1
5204,-1
5205,-1
5206,-1
5207,0
5208,-1
5209,0
5210,-1
5211,0
5212,-1
5213,-1
5214,-1
5215,-1
5216,-1
5217,-1
5218,-1
5219,0
5220,-1
5221,-1
5222,0
5223,-1
5224,-1
5225,0
5226,-1
5227,-1
5228,-1
5229,-1
5230,-1
5231,-1
5232,-1
5233,-1
5234,-1
5235,-1
5236,-1
5237,-1
5238,0
5239,-1
5240,-1
5241,-1
5242,-1
5243,-1
5244,-1
5245,-1
5246,-1
5247,0
5248,-1
5249,-1
5250,-1
5251,-1
5252,-1
5253,-1
5254,0
5255,-1
5256,0
5257,0
5258,-1
5259,-1
5260,0
5261,0
5262,-1
5263,-1
5264,-1
5265,-1
5266,-1
5267,-1
5268,-1
5269,-1
5270,-1
5271,-1
5272,0
5273,-1
5274,-1
5275,-1
5276,0
5277,0
5278,-1
5279,-1
5280,-1
5281,0
5282,-1
5283,-1
5284,-1
5285,0
5286,0
5287,0
5288,0
5289,-1
5290,-1
5291,-1
5292,-1
5293,-1
5294,-1
5295,0
5296,-1
5297,0
5298,-1
5299,-1
5300,-1
5301,-1
5302,0
5303,0
5304,-1
5305,-1
5306,-1
5307,0
5308,-1
5309,-1
5310,-1
5311,-1
5312,-1
5313,0
5314,0
5315,0
5316,-1
5317,-1
5318,-1
5319,-1
5320,-1
5321,-1
5322,-1
5323,-1
5324,-1
5325,0
5326,-1
5327,0
5328,-1
5329,-1
5330,-1
5331,0
5332,-1
5333,-1
5334,0
5335,-1
5336,-1
5337,0
5338,-1
5339,-1
5340,-1
5341,0
5342,-1
5343,-1
5344,-1
5345,-1
5346,-1
5347,-1
5348,-1
5349,-1
5350,0
5351,-1
5352,-1
5353,-1
5354,-1
5355,0
5356,0
5357,-1
5358,-1
5359,-1
5360,-1
5361,0
5362,-1
5363,-1
5364,0
5365,-1
5366,-1
5367,-1
5368,-1
5369,-1
5370,-1
5371,-1
5372,-1
5373,-1
5374,-1
5375,-1
5376,0
5377,0
5378,-1
5379,-1
5380,0
5381,-1
5382,-1
5383,0
5384,-1
5385,-1
5386,-1
5387,-1
5388,-1
5389,-1
5390,-1
5391,0
5392,-1
5393,-1
5394,-1
5395,-1
5396,-1
5397,-1
5398,0
5399,0
5400,-1
5401,-1
5402,-1
5403,-1
5404,-1
5405,-1
5406,-1
5407,0
5408,0
5409,0
5410,-1
5411,0
5412,-1
5413,0
5414,-1
5415,-1
5416,-1
5417,-1
5418,-1
5419,-1
5420,-1
5421,-1
5422,-1
5423,-1
5424,-1
5425,-1
5426,-1
5427,-1
5428,-1
5429,-1
5430,-1
5431,-1
5432,-1
5433,-1
5434,0
5435,0
5436,0
5437,0
5438,0
5439,0
5440,0
5441,-1
5442,-1
5443,0
5444,0
5445,-1
5446,-1
5447,0
5448,-1
5449,-1
5450,-1
5451,-1
5452,-1
5453,0
5454,-1
5455,-1
5456,0
5457,0
5458,-1
5459,-1
5460,-1
5461,-1
5462,-1
5463,-1
5464,-1
5465,-1
5466,-1
5467,-1
5468,-1
5469,0
5470,-1
5471,0
5472,-1
5473,-1
5474,-1
5475,0
5476,-1
5477,0
5478,0
5479,-1
5480,-1
5481,-1
5482,-1
5483,-1
5484,-1
5485,-1
5486,-1
5487,-1
5488,-1
5489,-1
5490,-1
5491,-1
5492,-1
5493,-1
5494,-1
5495,-1
5496,-1
5497,-1
5498,-1
5499,-1
5500,-1
5501,-1
5502,-1
5503,-1
5504,-1
5505,-1
5506,0
5507,-1
5508,-1
5509,-1
5510,-1
5511,-1
5512,0
5513,-1
5514,0
5515,0
5516,-1
5517,-1
5518,-1
5519,-1
5520,0
5521,-1
5522,-1
5523,-1
5524,-1
5525,0
5526,0
5527,-1
5528,-1
5529,-1
5530,-1
5531,-1
5532,0
5533,-1
5534,-1
5535,-1
5536,-1
5537,0
5538,0
5539,-1
5540,0
5541,-1
5542,-1
5543,-1
5544,0
5545,0
5546,0
5547,0
5548,-1
5549,-1
5550,0
5551,0
5552,-1
5553,0
5554,-1
5555,-1
5556,0
5557,-1
5558,-1
5559,-1
5560,0
5561,-1
5562,-1
5563,-1
5564,-1
5565,-1
5566,0
5567,0
5568,-1
5569,-1
5570,0
5571,0
5572,0
5573,-1
5574,0
5575,-1
5576,-1
5577,0
5578,0
5579,-1
5580,-1
5581,-1
5582,-1
5583,-1
5584,0
5585,-1
5586,-1
5587,-1
5588,0
5589,0
5590,-1
5591,-1
5592,-1
5593,-1
5594,0
5595,-1
5596,-1
5597,-1
5598,-1
5599,-1
5600,-1
5601,0
5602,-1
5603,-1
5604,0
5605,0
5606,-1
5607,-1
5608,-1
5609,-1
5610,0
5611,-1
5612,0
5613,-1
5614,-1
5615,-1
5616,-1
5617,0
5618,0
5619,0
5620,-1
5621,-1
5622,-1
5623,-1
5624,-1
5625,-1
5626,-1
5627,0
5628,-1
5629,-1
5630,-1
5631,-1
5632,-1
5633,0
5634,-1
5635,-1
5636,-1
5637,0
5638,-1
5639,-1
5640,-1
5641,-1
5642,0
5643,-1
5644,-1
5645,-1
5646,-1
5647,-1
5648,-1
5649,0
5650,-1
5651,-1
5652,-1
5653,-1
5654,-1
5655,-1
5656,-1
5657,-1
5658,0
5659,0
5660,-1
5661,-1
5662,-1
5663,0
5664,0
5665,-1
5666,-1
5667,0
5668,-1
5669,-1
5670,-1
5671,-1
5672,-1
5673,-1
5674,-1
5675,-1
5676,-1
5677,0
5678,-1
5679,0
5680,-1
5681,-1
5682,-1
5683,0
5684,-1
5685,-1
5686,-1
5687,-1
5688,-1
5689,-1
5690,-1
5691,-1
5692,-1
5693,-1
5694,-1
5695,-1
5696,0
5697,-1
5698,-1
5699,-1
5700,-1
5701,0
5702,0
5703,0
5704,0
5705,-1
5706,-1
5707,-1
5708,-1
5709,0
5710,-1
5711,-1
5712,-1
5713,-1
5714,-1
5715,-1
5716,0
5717,-1
5718,-1
5719,-1
5720,-1
5721,-1
5722,0
5723,-1
5724,0
5725,0
5726,-1
5727,0
5728,0
5729,-1
5730,-1
5731,-1
5732,-1
5733,0
5734,0
5735,-1
5736,0
5737,-1
5738,0
5739,0
5740,-1
5741,-1
5742,0
5743,-1
5744,-1
5745,-1
5746,-1
5747,0
5748,-1
5749,-1
5750,-1
5751,-1
5752,-1
5753,0
5754,0
5755,-1
5756,-1
5757,-1
5758,0
5759,-1
5760,-1
5761,-1
5762,0
5763,-1
5764,-1
5765,-1
5766,0
5767,0
5768,-1
5769,0
5770,0
5771,0
5772,-1
5773,-1
5774,0
5775,-1
5776,-1
5777,0
5778,0
5779,0
5780,-1
5781,-1
5782,-1
5783,0
5784,-1
5785,-1
5786,-1
5787,-1
5788,-1
5789,-1
5790,-1
5791,0
5792,-1
5793,0
5794,-1
5795,1
5796,-1
5797,0
5798,-1
5799,-1
5800,-1
5801,0
5802,-1
5803,-1
5804,-1
5805,-1
5806,-1
5807,0
5808,0
5809,-1
5810,-1
5811,0
5812,-1
5813,-1
5814,-1
5815,-1
5816,-1
5817,-1
5818,-1
5819,-1
5820,-1
5821,-1
5822,-1
5823,-1
5824,0
5825,0
5826,-1
5827,-1
5828,-1
5829,-1
5830,0
5831,-1
5832,-1
5833,0
5834,-1
5835,0
5836,0
5837,-1
5838,0
5839,-1
5840,-1
5841,0
5842,0
5843,-1
5844,-1
5845,-1
5846,0
5847,-1
5848,-1
5849,-1
5850,-1
5851,-1
5852,-1
5853,-1
5854,-1
5855,-1
5856,-1
5857,-1
5858,0
5859,-1
5860,-1
5861,-1
5862,-1
5863,0
5864,-1
5865,-1
5866,-1
5867,0
5868,-1
5869,-1
5870,-1
5871,-1
5872,-1
5873,-1
5874,0
5875,-1
5876,-1
5877,-1
5878,-1
5879,-1
5880,0
5881,0
5882,-1
5883,-1
5884,0
5885,-1
5886,-1
5887,-1
5888,-1
5889,-1
5890,-1
5891,-1
5892,-1
5893,-1
5894,-1
5895,-1
5896,-1
5897,-1
5898,-1
5899,-1
5900,-1
5901,-1
5902,-1
5903,-1
5904,-1
5905,0
5906,-1
5907,-1
5908,-1
5909,-1
5910,0
5911,-1
5912,-1
5913,-1
5914,0
5915,-1
5916,-1
5917,-1
5918,-1
5919,-1
5920,-1
5921,-1
5922,0
5923,-1
5924,-1
5925,-1
5926,0
5927,-1
5928,-1
5929,-1
5930,-1
5931,-1
5932,-1
5933,-1
5934,-1
5935,-1
5936,-1
5937,-1
5938,-1
5939,-1
5940,0
5941,-1
5942,-1
5943,-1
5944,-1
5945,0
5946,-1
5947,0
5948,-1
5949,-1
5950,-1
5951,-1
5952,0
5953,0
5954,0
5955,-1
5956,-1
5957,-1
5958,-1
5959,-1
5960,0
5961,0
5962,0
5963,0
5964,-1
5965,-1
5966,-1
5967,-1
5968,-1
5969,-1
5970,-1
5971,0
5972,0
5973,-1
5974,-1
5975,0
5976,0
5977,-1
5978,-1
5979,-1
5980,0
5981,0
5982,-1
5983,-1
5984,0
5985,-1
5986,-1
5987,-1
5988,-1
5989,-1
5990,-1
5991,-1
5992,-1
5993,-1
5994,0
5995,-1
5996,-1
5997,-1
5998,-1
5999,-1
6000,-1
6001,-1
6002,-1
6003,0
6004,-1
6005,-1
6006,-1
6007,0
6008,-1
6009,0
6010,-1
6011,-1
6012,-1
6013,-1
6014,-1
6015,-1
6016,-1
6017,-1
6018,-1
6019,-1
6020,0
6021,-1
6022,0
6023,0
6024,0
6025,-1
6026,0
6027,-1
6028,-1
6029,-1
6030,-1
6031,-1
6032,-1
6033,0
6034,0
6035,-1
6036,-1
6037,-1
6038,-1
6039,-1
6040,0
6041,-1
6042,-1
6043,-1
6044,-1
6045,0
6046,0
6047,0
6048,0
6049,-1
6050,-1
6051,-1
6052,0
6053,-1
6054,-1
6055,-1
6056,-1
6057,-1
6058,0
6059,-1
6060,0
6061,0
6062,0
6063,0
6064,-1
6065,-1
6066,-1
6067,-1
6068,-1
6069,0
6070,-1
6071,-1
6072,-1
6073,0
6074,-1
6075,-1
6076,-1
6077,-1
6078,-1
6079,-1
6080,-1
6081,0
6082,0
6083,0
6084,-1
6085,-1
6086,-1
6087,-1
6088,0
6089,-1
6090,-1
6091,-1
6092,-1
6093,-1
6094,-1
6095,-1
6096,0
6097,-1
6098,0
6099,-1
6100,0
6101,-1
6102,-1
6103,-1
6104,-1
6105,-1
6106,-1
6107,-1
6108,-1
6109,-1
6110,-1
6111,-1
6112,-1
6113,0
6114,-1
6115,-1
6116,-1
6117,-1
6118,-1
6119,-1
6120,-1
6121,-1
6122,-1
6123,-1
6124,-1
6125,-1
6126,-1
6127,-1
6128,-1
6129,-1
6130,1
6131,0
6132,-1
6133,0
6134,-1
6135,-1
6136,0
6137,-1
6138,-1
6139,-1
6140,0
6141,0
6142,-1
6143,-1
6144,-1
6145,-1
6146,-1
6147,-1
6148,-1
6149,-1
6150,-1
6151,-1
6152,-1
6153,-1
6154,-1
6155,-1
6156,0
6157,0
6158,-1
6159,-1
6160,0
6161,-1
6162,-1
6163,0
6164,0
6165,-1
6166,-1
6167,-1
6168,0
6169,-1
6170,0
6171,-1
6172,-1
6173,0
6174,-1
6175,-1
6176,-1
6177,-1
6178,-1
6179,-1
6180,-1
6181,0
6182,-1
6183,-1
6184,-1
6185,-1
6186,-1
6187,-1
6188,-1
6189,-1
6190,-1
6191,0
6192,-1
6193,-1
6194,0
6195,0
6196,0
6197,-1
6198,-1
6199,-1
6200,-1
6201,-1
6202,0
6203,-1
6204,-1
6205,-1
6206,-1
6207,-1
6208,-1
6209,-1
6210,0
6211,-1
6212,-1
6213,0
6214,0
6215,-1
6216,-1
6217,0
6218,-1
6219,-1
6220,-1
6221,-1
6222,0
6223,-1
6224,-1
6225,-1
6226,-1
6227,0
6228,-1
6229,-1
6230,0
6231,-1
6232,-1
6233,-1
6234,0
6235,-1
6236,-1
6237,0
6238,0
6239,-1
6240,-1
6241,0
6242,0
6243,-1
6244,-1
6245,-1
6246,-1
6247,-1
6248,0
6249,-1
6250,0
6251,-1
6252,-1
6253,-1
6254,-1
6255,-1
6256,0
6257,0
6258,-1
6259,-1
6260,-1
6261,0
6262,-1
6263,-1
6264,-1
6265,0
6266,0
6267,-1
6268,0
6269,-1
6270,-1
6271,-1
6272,-1
6273,-1
6274,-1
6275,-1
6276,-1
6277,0
6278,-1
6279,-1
6280,0
6281,-1
6282,-1
6283,-1
6284,-1
6285,-1
6286,-1
6287,-1
6288,0
6289,-1
6290,-1
6291,-1
6292,-1
6293,-1
6294,-1
6295,-1
6296,-1
6297,0
6298,-1
6299,-1
6300,-1
6301,-1
6302,0
6303,0
6304,-1
6305,-1
6306,-1
6307,-1
6308,-1
6309,-1
6310,-1
6311,0
6312,-1
6313,0
6314,-1
6315,0
6316,-1
6317,-1
6318,-1
6319,-1
6320,-1
6321,-1
6322,-1
6323,-1
6324,-1
6325,-1
6326,0
6327,-1
6328,0
6329,0
6330,-1
6331,-1
6332,0
6333,-1
6334,-1
6335,0
6336,-1
6337,-1
6338,-1
6339,-1
6340,-1
6341,-1
6342,-1
6343,-1
6344,-1
6345,-1
6346,-1
6347,-1
6348,-1
6349,-1
6350,0
6351,-1
6352,0
6353,-1
6354,-1
6355,0
6356,-1
6357,-1
6358,-1
6359,-1
6360,-1
6361,-1
6362,-1
6363,-1
6364,-1
6365,-1
6366,0
6367,-1
6368,-1
6369,-1
6370,-1
6371,0
6372,0
6373,-1
6374,0
6375,-1
6376,-1
6377,-1
6378,-1
6379,-1
6380,0
6381,-1
6382,-1
6383,-1
6384,-1
6385,-1
6386,-1
6387,0
6388,-1
6389,-1
6390,-1
6391,-1
6392,-1
6393,-1
6394,-1
6395,-1
6396,-1
6397,0
6398,-1
6399,-1
6400,-1
6401,0
6402,0
6403,-1
6404,0
6405,-1
6406,-1
6407,0
6408,-1
6409,-1
6410,-1
6411,1
6412,-1
6413,-1
6414,0
6415,-1
6416,-1
6417,-1
6418,-1
6419,-1
6420,-1
6421,-1
6422,-1
6423,-1
6424,-1
6425,-1
6426,-1
6427,-1
6428,-1
6429,-1
6430,-1
6431,-1
6432,-1
6433,-1
6434,-1
6435,0
6436,-1
6437,-1
6438,-1
6439,-1
6440,0
6441,-1
6442,-1
6443,-1
6444,-1
6445,0
6446,-1
6447,-1
6448,-1
6449,0
6450,0
6451,0
6452,0
6453,-1
6454,-1
6455,-1
6456,-1
6457,-1
6458,-1
6459,0
6460,-1
6461,-1
6462,-1
6463,-1
6464,-1
6465,-1
6466,-1
6467,-1
6468,-1
6469,-1
6470,0
6471,-1
6472,-1
6473,-1
6474,-1
6475,-1
6476,0
6477,0
6478,-1
6479,-1
6480,-1
6481,0
6482,-1
6483,-1
6484,0
6485,0
6486,0
6487,0
6488,-1
6489,-1
6490,0
6491,-1
6492,-1
6493,-1
6494,-1
6495,-1
6496,-1
6497,0
6498,0
6499,-1
6500,-1
6501,-1
6502,-1
6503,-1
6504,0
6505,-1
6506,-1
6507,-1
6508,-1
6509,-1
6510,-1
6511,-1
6512,0
6513,-1
6514,-1
6515,0
6516,-1
6517,0
6518,-1
6519,-1
6520,-1
6521,-1
6522,-1
6523,0
6524,-1
6525,-1
6526,0
6527,0
6528,0
6529,0
6530,-1
6531,-1
6532,-1
6533,-1
6534,-1
6535,0
6536,-1
6537,-1
6538,0
6539,0
6540,-1
6541,-1
6542,-1
6543,-1
6544,-1
6545,-1
6546,0
6547,0
6548,-1
6549,-1
6550,-1
6551,-1
6552,-1
6553,0
6554,-1
6555,-1
6556,-1
6557,-1
6558,-1
6559,-1
6560,-1
6561,-1
6562,-1
6563,-1
6564,0
6565,-1
6566,-1
6567,-1
6568,-1
6569,-1
6570,-1
6571,-1
6572,0
6573,-1
6574,-1
6575,0
6576,0
6577,-1
6578,-1
6579,-1
6580,-1
6581,-1
6582,0
6583,0
6584,0
6585,-1
6586,0
6587,0
6588,-1
6589,-1
6590,-1
6591,0
6592,0
6593,-1
6594,0
6595,-1
6596,-1
6597,-1
6598,0
6599,-1
6600,0
6601,-1
6602,0
6603,-1
6604,-1
6605,-1
6606,-1
6607,-1
6608,-1
6609,-1
6610,-1
6611,-1
6612,-1
6613,0
6614,-1
6615,-1
6616,-1
6617,-1
6618,-1
6619,-1
6620,-1
6621,0
6622,-1
6623,-1
6624,0
6625,-1
6626,0
6627,-1
6628,-1
6629,-1
6630,0
6631,-1
6632,-1
6633,-1
6634,-1
6635,-1
6636,1
6637,-1
6638,-1
6639,-1
6640,-1
6641,-1
6642,-1
6643,-1
6644,0
6645,-1
6646,-1
6647,-1
6648,0
6649,0
6650,-1
6651,-1
6652,-1
6653,-1
6654,0
6655,-1
6656,-1
6657,0
6658,0
6659,-1
6660,-1
6661,-1
6662,-1
6663,-1
6664,-1
6665,-1
6666,-1
6667,-1
6668,-1
6669,-1
6670,-1
6671,-1
6672,-1
6673,-1
6674,-1
6675,-1
6676,-1
6677,-1
6678,-1
6679,0
6680,-1
6681,0
6682,-1
6683,-1
6684,-1
6685,-1
6686,0
6687,0
6688,0
6689,-1
6690,-1
6691,-1
6692,-1
6693,-1
6694,0
6695,-1
6696,-1
6697,0
6698,0
6699,-1
6700,-1
6701,-1
6702,-1
6703,-1
6704,0
6705,0
6706,-1
6707,-1
6708,-1
6709,-1
6710,-1
6711,-1
6712,-1
6713,0
6714,-1
6715,-1
6716,0
6717,0
6718,0
6719,0
6720,-1
6721,-1
6722,0
6723,-1
6724,0
6725,-1
6726,-1
6727,-1
6728,-1
6729,0
6730,0
6731,-1
6732,0
6733,-1
6734,-1
6735,-1
6736,0
6737,0
6738,-1
6739,-1
6740,-1
6741,-1
6742,-1
6743,-1
6744,-1
6745,-1
6746,-1
6747,-1
6748,-1
6749,-1
6750,-1
6751,-1
6752,-1
6753,-1
6754,-1
6755,-1
6756,-1
6757,-1
6758,0
6759,0
6760,0
6761,0
6762,-1
6763,-1
6764,-1
6765,-1
6766,0
6767,0
6768,-1
6769,-1
6770,-1
6771,-1
6772,-1
6773,0
6774,-1
6775,-1
6776,-1
6777,-1
6778,-1
6779,-1
6780,-1
6781,-1
6782,0
6783,0
6784,0
6785,0
6786,-1
6787,-1
6788,-1
6789,-1
6790,-1
6791,-1
6792,0
6793,-1
6794,-1
6795,0
6796,-1
6797,-1
6798,-1
6799,0
6800,-1
6801,-1
6802,-1
6803,-1
6804,-1
6805,-1
6806,-1
6807,0
6808,-1
6809,-1
6810,-1
6811,-1
6812,0
6813,-1
6814,0
6815,-1
6816,-1
6817,-1
6818,-1
6819,-1
6820,-1
6821,-1
6822,-1
6823,-1
6824,-1
6825,-1
6826,-1
6827,-1
6828,-1
6829,-1
6830,-1
6831,0
6832,-1
6833,-1
6834,-1
6835,0
6836,-1
6837,0
6838,0
6839,-1
6840,-1
6841,-1
6842,-1
6843,-1
6844,0
6845,-1
6846,-1
6847,-1
6848,-1
6849,-1
6850,-1
6851,-1
6852,0
6853,-1
6854,0
6855,0
6856,-1
6857,-1
6858,-1
6859,-1
6860,-1
6861,0
6862,0
6863,-1
6864,-1
6865,-1
6866,0
6867,-1
6868,-1
6869,-1
6870,-1
6871,0
6872,-1
6873,-1
6874,-1
6875,-1
6876,0
6877,0
6878,-1
6879,-1
6880,0
6881,-1
6882,-1
6883,-1
6884,-1
6885,-1
6886,0
6887,-1
6888,-1
6889,-1
6890,-1
6891,-1
6892,-1
6893,-1
6894,-1
6895,-1
6896,-1
6897,0
6898,-1
6899,-1
6900,0
6901,0
6902,-1
6903,-1
6904,-1
6905,-1
6906,-1
6907,-1
6908,-1
6909,0
6910,-1
6911,-1
6912,0
6913,-1
6914,-1
6915,-1
6916,-1
6917,-1
6918,-1
6919,-1
6920,0
6921,0
6922,-1
6923,-1
6924,0
6925,-1
6926,-1
6927,0
6928,-1
6929,0
6930,0
6931,-1
6932,-1
6933,-1
6934,-1
6935,-1
6936,0
6937,-1
6938,0
6939,-1
6940,0
6941,-1
6942,-1
6943,-1
6944,-1
6945,-1
6946,-1
6947,-1
6948,-1
6949,0
6950,-1
6951,-1
6952,-1
6953,-1
6954,-1
6955,-1
6956,-1
6957,-1
6958,-1
6959,-1
6960,-1
6961,0
6962,0
6963,0
6964,-1
6965,0
6966,-1
6967,0
6968,-1
6969,-1
6970,-1
6971,-1
6972,-1
6973,-1
6974,-1
6975,-1
6976,-1
6977,-1
6978,0
6979,-1
6980,-1
6981,0
6982,-1
6983,0
6984,-1
6985,-1
6986,0
6987,-1
6988,-1
6989,-1
6990,-1
6991,-1
6992,0
6993,-1
6994,-1
6995,0
6996,-1
6997,-1
6998,-1
6999,0
7000,0
7001,-1
7002,-1
7003,0
7004,-1
7005,-1
7006,0
7007,-1
7008,-1
7009,-1
7010,-1
7011,-1
7012,-1
7013,-1
7014,-1
7015,-1
7016,-1
7017,0
7018,-1
7019,-1
7020,0
7021,-1
7022,-1
7023,-1
7024,0
7025,-1
7026,-1
7027,-1
7028,-1
7029,-1
7030,-1
7031,-1
7032,-1
7033,-1
7034,-1
7035,-1
7036,-1
7037,-1
7038,-1
7039,-1
7040,0
7041,-1
7042,0
7043,0
7044,0
7045,-1
7046,-1
7047,-1
7048,-1
7049,-1
7050,-1
7051,-1
7052,-1
7053,0
7054,-1
7055,-1
7056,-1
7057,0
7058,0
7059,0
7060,-1
7061,-1
7062,-1
7063,0
7064,0
7065,-1
7066,-1
7067,-1
7068,0
7069,-1
7070,-1
7071,0
7072,-1
7073,-1
7074,-1
7075,-1
7076,-1
7077,-1
7078,-1
7079,-1
7080,-1
7081,-1
7082,-1
7083,-1
7084,-1
7085,-1
7086,-1
7087,-1
7088,-1
7089,-1
7090,-1
7091,-1
7092,-1
7093,-1
7094,-1
7095,0
7096,0
7097,-1
7098,-1
7099,0
7100,0
7101,-1
7102,-1
7103,-1
7104,-1
7105,-1
7106,-1
7107,-1
7108,-1
7109,-1
7110,0
7111,-1
7112,-1
7113,0
7114,-1
7115,0
7116,-1
7117,-1
7118,-1
7119,-1
7120,0
7121,0
7122,0
7123,0
7124,-1
7125,-1
7126,0
7127,-1
7128,-1
7129,0
7130,-1
7131,-1
7132,-1
7133,0
7134,-1
7135,-1
7136,0
7137,0
7138,0
7139,-1
7140,-1
7141,0
7142,-1
7143,0
7144,-1
7145,-1
7146,-1
7147,-1
7148,-1
7149,-1
7150,-1
7151,-1
7152,-1
7153,-1
7154,-1
7155,-1
7156,-1
7157,-1
7158,0
7159,0
7160,0
7161,-1
7162,0
7163,-1
7164,0
7165,-1
7166,0
7167,-1
7168,-1
7169,0
7170,-1
7171,0
7172,-1
7173,-1
7174,-1
7175,0
7176,-1
7177,0
7178,-1
7179,-1
7180,-1
7181,-1
7182,-1
7183,-1
7184,0
7185,0
7186,0
7187,-1
7188,-1
7189,-1
7190,-1
7191,-1
7192,-1
7193,-1
7194,-1
7195,0
7196,-1
7197,0
7198,-1
7199,-1
7200,-1
7201,-1
7202,-1
7203,-1
7204,-1
7205,0
7206,0
7207,0
7208,-1
7209,0
7210,-1
7211,-1
7212,-1
7213,-1
7214,-1
7215,-1
7216,-1
7217,-1
7218,-1
7219,0
7220,-1
7221,-1
7222,-1
7223,0
7224,-1
7225,-1
7226,0
7227,0
7228,-1
7229,-1
7230,-1
7231,-1
7232,0
7233,0
7234,-1
7235,-1
7236,-1
7237,-1
7238,0
7239,-1
7240,-1
7241,-1
7242,-1
7243,-1
7244,0
7245,0
7246,-1
7247,-1
7248,-1
7249,-1
7250,-1
7251,-1
7252,-1
7253,-1
7254,-1
7255,-1
7256,-1
7257,0
7258,-1
7259,-1
7260,-1
7261,0
7262,0
7263,-1
7264,0
7265,0
7266,0
7267,-1
7268,-1
7269,-1
7270,-1
7271,0
7272,-1
7273,-1
7274,-1
7275,-1
7276,-1
7277,-1
7278,-1
7279,-1
7280,-1
7281,-1
7282,-1
7283,-1
7284,-1
7285,-1
7286,-1
7287,-1
7288,-1
7289,0
7290,0
7291,-1
7292,-1
7293,-1
7294,-1
7295,-1
7296,0
7297,-1
7298,-1
7299,-1
7300,-1
7301,0
7302,-1
7303,0
7304,0
7305,0
7306,0
7307,-1
7308,-1
7309,0
7310,-1
7311,-1
7312,-1
7313,-1
7314,-1
7315,-1
7316,0
7317,0
7318,0
7319,-1
7320,-1
7321,0
7322,-1
7323,0
7324,0
7325,-1
7326,-1
7327,-1
7328,0
7329,0
7330,-1
7331,-1
7332,-1
7333,0
7334,-1
7335,-1
7336,-1
7337,-1
7338,-1
7339,-1
7340,0
7341,0
7342,-1
7343,-1
7344,0
7345,0
7346,-1
7347,-1
7348,-1
7349,-1
7350,-1
7351,0
7352,-1
7353,-1
7354,-1
7355,0
7356,0
7357,-1
7358,-1
7359,-1
7360,-1
7361,-1
7362,-1
7363,-1
7364,-1
7365,-1
7366,-1
7367,-1
7368,-1
7369,-1
7370,0
7371,-1
7372,-1
7373,-1
7374,-1
7375,-1
7376,-1
7377,0
7378,-1
7379,0
7380,0
7381,0
7382,-1
7383,-1
7384,-1
7385,0
7386,0
7387,0
7388,-1
7389,-1
7390,-1
7391,-1
7392,0
7393,-1
7394,-1
7395,0
7396,0
7397,-1
7398,0
7399,-1
7400,-1
7401,-1
7402,0
7403,-1
7404,-1
7405,-1
7406,-1
7407,0
7408,-1
7409,0
7410,-1
7411,-1
7412,-1
7413,0
7414,-1
7415,-1
7416,0
7417,1
7418,0
7419,-1
7420,-1
7421,-1
7422,-1
7423,0
7424,-1
7425,-1
7426,0
7427,-1
7428,-1
7429,-1
7430,-1
7431,-1
7432,-1
7433,0
7434,-1
7435,-1
7436,-1
7437,-1
7438,-1
7439,-1
7440,-1
7441,0
7442,-1
7443,-1
7444,-1
7445,-1
7446,0
7447,-1
7448,0
7449,0
7450,0
7451,0
7452,-1
7453,-1
7454,0
7455,-1
7456,0
7457,0
7458,-1
7459,-1
7460,-1
7461,-1
7462,0
7463,-1
7464,-1
7465,-1
7466,-1
7467,0
7468,0
7469,-1
7470,-1
7471,-1
7472,0
7473,0
7474,-1
7475,-1
7476,-1
7477,-1
7478,0
7479,-1
7480,-1
7481,-1
7482,-1
7483,-1
7484,0
7485,-1
7486,-1
7487,0
7488,0
7489,-1
7490,-1
7491,-1
7492,-1
7493,-1
7494,0
7495,-1
7496,-1
7497,-1
7498,-1
7499,-1
7500,0
7501,-1
7502,-1
7503,0
7504,0
7505,-1
7506,0
7507,-1
7508,-1
7509,0
7510,0
7511,0
7512,-1
7513,-1
7514,-1
7515,0
7516,0
7517,-1
7518,0
7519,-1
7520,-1
7521,-1
7522,0
7523,-1
7524,-1
7525,-1
7526,0
7527,0
7528,-1
7529,0
7530,-1
7531,-1
7532,-1
7533,-1
7534,0
7535,-1
7536,-1
7537,0
7538,0
7539,-1
7540,-1
7541,0
7542,-1
7543,-1
7544,-1
7545,0
7546,-1
7547,-1
7548,-1
7549,-1
7550,0
7551,0
7552,0
7553,-1
7554,-1
7555,-1
7556,-1
7557,-1
7558,-1
7559,0
7560,0
7561,-1
7562,0
7563,-1
7564,0
7565,0
7566,-1
7567,-1
7568,-1
7569,0
7570,-1
7571,0
7572,0
7573,0
7574,0
7575,0
7576,-1
7577,-1
7578,0
7579,0
7580,-1
7581,0
7582,0
7583,-1
7584,-1
7585,0
7586,-1
7587,-1
7588,0
7589,0
7590,-1
7591,-1
7592,-1
7593,-1
7594,-1
7595,-1
7596,-1
7597,0
7598,0
7599,0
7600,-1
7601,-1
7602,0
7603,-1
7604,0
7605,0
7606,-1
7607,0
7608,-1
7609,0
7610,-1
7611,-1
7612,-1
7613,-1
7614,0
7615,0
7616,-1
7617,-1
7618,0
7619,-1
7620,0
7621,-1
7622,-1
7623,-1
7624,-1
7625,-1
7626,0
7627,-1
7628,-1
7629,-1
7630,-1
7631,-1
7632,-1
7633,-1
7634,-1
7635,-1
7636,-1
7637,-1
7638,-1
7639,-1
7640,-1
7641,0
7642,0
7643,-1
7644,-1
7645,0
7646,-1
7647,0
7648,0
7649,-1
7650,-1
7651,-1
7652,0
7653,0
7654,-1
7655,1
7656,0
7657,0
7658,-1
7659,-1
7660,-1
7661,-1
7662,-1
7663,-1
7664,-1
7665,-1
7666,-1
7667,0
7668,-1
7669,-1
7670,0
7671,-1
7672,-1
7673,-1
7674,0
7675,-1
7676,-1
7677,-1
7678,-1
7679,0
7680,-1
7681,-1
7682,0
7683,0
7684,0
7685,-1
7686,-1
7687,-1
7688,0
7689,-1
7690,-1
7691,-1
7692,0
7693,-1
7694,-1
7695,-1
7696,0
7697,-1
7698,-1
7699,0
7700,-1
7701,-1
7702,-1
7703,-1
7704,0
7705,0
7706,0
7707,-1
7708,-1
7709,-1
7710,-1
7711,-1
7712,-1
7713,0
7714,-1
7715,-1
7716,-1
7717,-1
7718,0
7719,-1
7720,-1
7721,0
7722,-1
7723,-1
7724,-1
7725,0
7726,0
7727,-1
7728,0
7729,-1
7730,-1
7731,-1
7732,0
7733,-1
7734,-1
7735,-1
7736,-1
7737,-1
7738,-1
7739,0
7740,0
7741,0
7742,-1
7743,1
7744,-1
7745,0
7746,-1
7747,-1
7748,-1
7749,0
7750,0
7751,0
7752,-1
7753,-1
7754,-1
7755,-1
7756,-1
7757,-1
7758,-1
7759,-1
7760,0
7761,-1
7762,-1
7763,-1
7764,-1
7765,-1
7766,-1
7767,-1
7768,-1
7769,0
7770,-1
7771,0
7772,0
7773,-1
7774,0
7775,0
7776,-1
7777,0
7778,-1
7779,-1
7780,-1
7781,-1
7782,0
7783,-1
7784,-1
7785,-1
7786,-1
7787,-1
7788,1
7789,-1
7790,-1
7791,-1
7792,0
7793,-1
7794,0
7795,0
7796,0
7797,0
7798,0
7799,0
7800,0
7801,-1
7802,0
7803,-1
7804,-1
7805,-1
7806,-1
7807,-1
7808,-1
7809,-1
7810,-1
7811,-1
7812,0
7813,-1
7814,-1
7815,-1
7816,-1
7817,-1
7818,0
7819,0
7820,-1
7821,-1
7822,-1
7823,-1
7824,-1
7825,0
7826,-1
7827,-1
7828,-1
7829,-1
7830,-1
7831,-1
7832,-1
7833,0
7834,-1
7835,-1
7836,0
7837,-1
7838,-1
7839,-1
7840,-1
7841,-1
7842,0
7843,-1
7844,-1
7845,-1
7846,-1
7847,-1
7848,-1
7849,0
7850,-1
7851,-1
7852,0
7853,-1
7854,-1
7855,-1
7856,-1
7857,-1
7858,0
7859,-1
7860,0
7861,-1
7862,-1
7863,0
7864,-1
7865,-1
7866,-1
7867,-1
7868,-1
7869,-1
7870,-1
7871,0
7872,-1
7873,0
7874,-1
7875,-1
7876,0
7877,0
7878,0
